,status,duration,credit_history,purpose,amount,savings,employment_duration,installment_rate,personal_status_sex,other_debtors,present_residence,property,age,other_installment_plans,housing,number_credits,job,people_liable,telephone,foreign_worker,credit_risk
0,1.0,18.0,4.0,2.0,1049.0,1.0,2.0,4.0,2.0,1.0,4.0,2.0,21.0,3.0,1.0,1.0,3.0,2.0,1.0,2.0,1.0
1,1.0,9.0,4.0,0.0,2799.0,1.0,3.0,2.0,3.0,1.0,2.0,1.0,36.0,3.0,1.0,2.0,3.0,1.0,1.0,2.0,1.0
2,2.0,12.0,2.0,9.0,841.0,2.0,4.0,2.0,2.0,1.0,4.0,1.0,23.0,3.0,1.0,1.0,2.0,2.0,1.0,2.0,1.0
3,1.0,12.0,4.0,0.0,2122.0,1.0,3.0,3.0,3.0,1.0,2.0,1.0,39.0,3.0,1.0,2.0,2.0,1.0,1.0,1.0,1.0
4,1.0,12.0,4.0,0.0,2171.0,1.0,3.0,4.0,3.0,1.0,4.0,2.0,38.0,1.0,2.0,2.0,2.0,2.0,1.0,1.0,1.0
5,1.0,10.0,4.0,0.0,2241.0,1.0,2.0,1.0,3.0,1.0,3.0,1.0,48.0,3.0,1.0,2.0,2.0,1.0,1.0,1.0,1.0
6,1.0,8.0,4.0,0.0,3398.0,1.0,4.0,1.0,3.0,1.0,4.0,1.0,39.0,3.0,2.0,2.0,2.0,2.0,1.0,1.0,1.0
7,1.0,6.0,4.0,0.0,1361.0,1.0,2.0,2.0,3.0,1.0,4.0,1.0,40.0,3.0,2.0,1.0,2.0,1.0,1.0,1.0,1.0
8,4.0,18.0,4.0,3.0,1098.0,1.0,1.0,4.0,2.0,1.0,4.0,3.0,65.0,3.0,2.0,2.0,1.0,2.0,1.0,2.0,1.0
9,2.0,24.0,2.0,3.0,3758.0,3.0,1.0,1.0,2.0,1.0,4.0,4.0,23.0,3.0,1.0,1.0,1.0,2.0,1.0,2.0,1.0
10,1.0,11.0,4.0,0.0,3905.0,1.0,3.0,2.0,3.0,1.0,2.0,1.0,36.0,3.0,1.0,2.0,3.0,1.0,1.0,2.0,1.0
11,1.0,30.0,4.0,1.0,6187.0,2.0,4.0,1.0,4.0,1.0,4.0,3.0,24.0,3.0,1.0,2.0,3.0,2.0,1.0,2.0,1.0
12,1.0,6.0,4.0,3.0,1957.0,1.0,4.0,1.0,2.0,1.0,4.0,3.0,31.0,3.0,2.0,1.0,3.0,2.0,1.0,2.0,1.0
13,2.0,48.0,3.0,10.0,7582.0,2.0,1.0,2.0,3.0,1.0,4.0,4.0,31.0,3.0,2.0,1.0,4.0,2.0,2.0,2.0,1.0
14,1.0,18.0,2.0,3.0,1936.0,5.0,4.0,2.0,4.0,1.0,4.0,3.0,23.0,3.0,1.0,2.0,2.0,2.0,1.0,2.0,1.0
15,1.0,6.0,2.0,3.0,2647.0,3.0,3.0,2.0,3.0,1.0,3.0,1.0,44.0,3.0,1.0,1.0,3.0,1.0,1.0,2.0,1.0
16,1.0,11.0,4.0,0.0,3939.0,1.0,3.0,1.0,3.0,1.0,2.0,1.0,40.0,3.0,2.0,2.0,2.0,1.0,1.0,2.0,1.0
17,2.0,18.0,2.0,3.0,3213.0,3.0,2.0,1.0,4.0,1.0,3.0,1.0,25.0,3.0,1.0,1.0,3.0,2.0,1.0,2.0,1.0
18,2.0,36.0,4.0,3.0,2337.0,1.0,5.0,4.0,3.0,1.0,4.0,1.0,36.0,3.0,2.0,1.0,3.0,2.0,1.0,2.0,1.0
19,4.0,11.0,4.0,0.0,7228.0,1.0,3.0,1.0,3.0,1.0,4.0,2.0,39.0,3.0,2.0,2.0,2.0,2.0,1.0,2.0,1.0
20,1.0,6.0,4.0,0.0,3676.0,1.0,3.0,1.0,3.0,1.0,3.0,1.0,37.0,3.0,1.0,3.0,3.0,1.0,1.0,2.0,1.0
21,2.0,12.0,4.0,0.0,3124.0,1.0,2.0,1.0,3.0,1.0,3.0,1.0,49.0,1.0,2.0,2.0,2.0,1.0,1.0,2.0,1.0
22,2.0,36.0,2.0,5.0,2384.0,1.0,2.0,4.0,3.0,1.0,1.0,4.0,33.0,3.0,1.0,1.0,2.0,2.0,1.0,2.0,0.0
23,2.0,12.0,4.0,4.0,1424.0,1.0,4.0,4.0,3.0,1.0,3.0,2.0,26.0,3.0,2.0,1.0,3.0,2.0,1.0,2.0,1.0
24,1.0,6.0,4.0,0.0,4716.0,5.0,2.0,1.0,3.0,1.0,3.0,1.0,44.0,3.0,2.0,2.0,2.0,1.0,1.0,2.0,1.0
25,2.0,11.0,3.0,3.0,4771.0,1.0,4.0,2.0,3.0,1.0,4.0,2.0,51.0,3.0,2.0,1.0,3.0,2.0,1.0,2.0,1.0
26,1.0,12.0,2.0,2.0,652.0,1.0,5.0,4.0,2.0,1.0,4.0,2.0,24.0,3.0,1.0,1.0,3.0,2.0,1.0,2.0,1.0
27,2.0,9.0,4.0,3.0,1154.0,1.0,5.0,2.0,3.0,1.0,4.0,1.0,37.0,3.0,2.0,3.0,2.0,2.0,1.0,2.0,1.0
28,4.0,15.0,2.0,0.0,3556.0,5.0,3.0,3.0,3.0,1.0,2.0,4.0,29.0,3.0,2.0,1.0,3.0,2.0,1.0,2.0,1.0
29,3.0,42.0,4.0,1.0,4796.0,1.0,5.0,4.0,3.0,1.0,4.0,4.0,56.0,3.0,3.0,1.0,3.0,2.0,1.0,2.0,1.0
30,3.0,30.0,4.0,3.0,3017.0,1.0,5.0,4.0,3.0,1.0,4.0,2.0,47.0,3.0,2.0,1.0,3.0,2.0,1.0,2.0,1.0
31,4.0,36.0,4.0,0.0,3535.0,1.0,4.0,4.0,3.0,1.0,4.0,3.0,37.0,3.0,2.0,2.0,3.0,2.0,2.0,2.0,1.0
32,4.0,36.0,4.0,0.0,6614.0,1.0,5.0,4.0,3.0,1.0,4.0,3.0,34.0,3.0,2.0,2.0,4.0,2.0,2.0,2.0,1.0
33,4.0,24.0,2.0,3.0,1376.0,3.0,4.0,4.0,2.0,1.0,1.0,3.0,28.0,3.0,2.0,1.0,3.0,2.0,1.0,2.0,1.0
34,1.0,15.0,2.0,0.0,1721.0,1.0,2.0,2.0,3.0,1.0,3.0,1.0,36.0,3.0,2.0,1.0,3.0,2.0,1.0,2.0,1.0
35,1.0,6.0,4.0,0.0,860.0,1.0,5.0,1.0,2.0,1.0,4.0,4.0,39.0,3.0,2.0,2.0,3.0,2.0,2.0,2.0,1.0
36,4.0,12.0,4.0,0.0,1495.0,1.0,5.0,4.0,3.0,1.0,1.0,1.0,38.0,3.0,2.0,2.0,2.0,1.0,1.0,2.0,1.0
37,4.0,12.0,4.0,3.0,1934.0,1.0,5.0,2.0,3.0,1.0,2.0,4.0,26.0,3.0,2.0,2.0,3.0,2.0,1.0,2.0,1.0
38,4.0,18.0,2.0,1.0,3378.0,5.0,3.0,2.0,3.0,1.0,1.0,2.0,31.0,3.0,2.0,1.0,3.0,2.0,2.0,2.0,1.0
39,4.0,24.0,4.0,1.0,3868.0,1.0,5.0,4.0,2.0,1.0,2.0,3.0,41.0,3.0,1.0,2.0,4.0,2.0,2.0,2.0,1.0
40,4.0,12.0,4.0,5.0,996.0,5.0,4.0,4.0,2.0,1.0,4.0,1.0,23.0,3.0,2.0,2.0,3.0,2.0,1.0,2.0,1.0
41,1.0,24.0,2.0,10.0,1755.0,1.0,5.0,4.0,2.0,3.0,4.0,1.0,58.0,3.0,2.0,1.0,2.0,2.0,2.0,2.0,1.0
42,4.0,18.0,4.0,0.0,1028.0,1.0,3.0,4.0,2.0,1.0,3.0,1.0,36.0,3.0,2.0,2.0,3.0,2.0,1.0,2.0,1.0
43,2.0,24.0,4.0,9.0,2825.0,5.0,4.0,4.0,3.0,1.0,3.0,4.0,34.0,3.0,2.0,2.0,3.0,1.0,2.0,2.0,1.0
44,2.0,18.0,2.0,6.0,1239.0,5.0,3.0,4.0,3.0,1.0,4.0,4.0,61.0,3.0,3.0,1.0,3.0,2.0,1.0,2.0,1.0
45,1.0,18.0,2.0,0.0,1216.0,1.0,2.0,4.0,2.0,1.0,3.0,3.0,23.0,3.0,1.0,1.0,3.0,2.0,2.0,2.0,0.0
46,4.0,24.0,2.0,9.0,1258.0,1.0,4.0,4.0,3.0,1.0,1.0,1.0,25.0,3.0,2.0,1.0,3.0,2.0,2.0,2.0,1.0
47,4.0,18.0,4.0,6.0,1864.0,2.0,3.0,4.0,2.0,1.0,2.0,1.0,30.0,3.0,2.0,2.0,3.0,2.0,1.0,2.0,0.0
48,4.0,24.0,2.0,0.0,1474.0,2.0,2.0,4.0,4.0,1.0,3.0,1.0,33.0,3.0,2.0,1.0,3.0,2.0,2.0,2.0,1.0
49,1.0,24.0,4.0,9.0,1382.0,2.0,4.0,4.0,3.0,1.0,1.0,1.0,26.0,3.0,2.0,2.0,3.0,2.0,2.0,2.0,1.0
50,4.0,12.0,2.0,0.0,640.0,1.0,3.0,4.0,1.0,1.0,2.0,1.0,49.0,3.0,2.0,1.0,2.0,2.0,1.0,2.0,1.0
51,3.0,36.0,2.0,3.0,3919.0,1.0,3.0,2.0,3.0,1.0,2.0,1.0,23.0,3.0,2.0,1.0,3.0,2.0,2.0,2.0,1.0
52,4.0,9.0,4.0,0.0,1224.0,1.0,3.0,3.0,3.0,1.0,1.0,1.0,30.0,3.0,2.0,2.0,3.0,2.0,1.0,2.0,1.0
53,4.0,12.0,4.0,3.0,2331.0,5.0,5.0,1.0,3.0,2.0,4.0,1.0,49.0,3.0,2.0,1.0,3.0,2.0,2.0,2.0,1.0
54,4.0,24.0,2.0,1.0,6313.0,5.0,5.0,3.0,3.0,1.0,4.0,3.0,41.0,3.0,2.0,1.0,4.0,1.0,2.0,2.0,1.0
55,1.0,12.0,4.0,3.0,385.0,1.0,4.0,4.0,2.0,1.0,3.0,1.0,58.0,3.0,2.0,4.0,2.0,2.0,2.0,2.0,1.0
56,4.0,12.0,4.0,3.0,1655.0,1.0,5.0,2.0,3.0,1.0,4.0,1.0,63.0,3.0,2.0,2.0,2.0,2.0,2.0,2.0,1.0
57,1.0,15.0,2.0,3.0,1053.0,1.0,2.0,4.0,4.0,1.0,2.0,1.0,27.0,3.0,2.0,1.0,3.0,2.0,1.0,1.0,1.0
58,4.0,21.0,2.0,3.0,3160.0,5.0,5.0,4.0,3.0,1.0,3.0,2.0,41.0,3.0,2.0,1.0,3.0,2.0,2.0,2.0,1.0
59,4.0,36.0,2.0,0.0,3079.0,5.0,3.0,4.0,3.0,1.0,4.0,1.0,36.0,3.0,2.0,1.0,3.0,2.0,1.0,2.0,1.0
60,4.0,12.0,4.0,0.0,1163.0,3.0,3.0,4.0,3.0,1.0,4.0,1.0,44.0,3.0,2.0,1.0,3.0,2.0,2.0,2.0,1.0
61,4.0,24.0,2.0,1.0,2679.0,1.0,2.0,4.0,2.0,1.0,1.0,4.0,29.0,3.0,2.0,1.0,4.0,2.0,2.0,2.0,1.0
62,4.0,48.0,4.0,3.0,3578.0,5.0,5.0,4.0,3.0,1.0,1.0,1.0,47.0,3.0,2.0,1.0,3.0,2.0,2.0,2.0,1.0
63,4.0,36.0,3.0,0.0,10875.0,1.0,5.0,2.0,3.0,1.0,2.0,3.0,45.0,3.0,2.0,2.0,3.0,1.0,2.0,2.0,1.0
64,1.0,12.0,3.0,0.0,1344.0,1.0,3.0,4.0,3.0,1.0,2.0,1.0,43.0,3.0,2.0,2.0,2.0,1.0,1.0,2.0,1.0
65,4.0,6.0,4.0,3.0,1237.0,2.0,3.0,1.0,2.0,1.0,1.0,2.0,27.0,3.0,2.0,2.0,3.0,2.0,1.0,2.0,1.0
66,4.0,12.0,2.0,3.0,3077.0,1.0,3.0,2.0,3.0,1.0,4.0,3.0,52.0,3.0,2.0,1.0,3.0,2.0,2.0,2.0,1.0
67,4.0,24.0,2.0,3.0,2284.0,1.0,4.0,4.0,3.0,1.0,2.0,3.0,28.0,3.0,2.0,1.0,3.0,2.0,2.0,2.0,1.0
68,2.0,12.0,2.0,3.0,1567.0,1.0,3.0,1.0,2.0,1.0,1.0,3.0,22.0,3.0,2.0,1.0,3.0,2.0,2.0,2.0,1.0
69,4.0,24.0,3.0,0.0,2032.0,1.0,5.0,4.0,3.0,1.0,4.0,4.0,60.0,3.0,3.0,2.0,3.0,2.0,2.0,2.0,1.0
70,2.0,21.0,4.0,2.0,2745.0,4.0,4.0,3.0,3.0,1.0,2.0,3.0,32.0,3.0,2.0,2.0,3.0,2.0,2.0,2.0,1.0
71,4.0,30.0,2.0,3.0,1867.0,5.0,5.0,4.0,3.0,1.0,4.0,3.0,58.0,3.0,2.0,1.0,3.0,2.0,2.0,2.0,1.0
72,4.0,36.0,2.0,3.0,2299.0,3.0,5.0,4.0,3.0,1.0,4.0,3.0,39.0,3.0,2.0,1.0,3.0,2.0,1.0,2.0,1.0
73,4.0,24.0,2.0,2.0,929.0,5.0,4.0,4.0,3.0,1.0,2.0,3.0,31.0,2.0,2.0,1.0,3.0,2.0,2.0,2.0,1.0
74,3.0,12.0,2.0,3.0,3399.0,5.0,5.0,2.0,3.0,1.0,3.0,3.0,37.0,3.0,2.0,1.0,4.0,2.0,1.0,2.0,1.0
75,2.0,9.0,2.0,2.0,2030.0,5.0,4.0,2.0,3.0,1.0,1.0,3.0,24.0,3.0,2.0,1.0,3.0,2.0,2.0,2.0,1.0
76,4.0,21.0,4.0,1.0,3275.0,1.0,5.0,1.0,3.0,1.0,4.0,3.0,36.0,3.0,2.0,1.0,4.0,2.0,2.0,2.0,1.0
77,4.0,24.0,4.0,0.0,1940.0,4.0,5.0,4.0,3.0,1.0,4.0,1.0,60.0,3.0,2.0,1.0,3.0,2.0,2.0,2.0,1.0
78,1.0,21.0,4.0,0.0,1602.0,1.0,5.0,4.0,4.0,1.0,3.0,3.0,30.0,3.0,2.0,2.0,3.0,2.0,2.0,2.0,1.0
79,4.0,15.0,2.0,3.0,1979.0,5.0,5.0,4.0,3.0,1.0,2.0,3.0,35.0,3.0,2.0,1.0,3.0,2.0,1.0,2.0,1.0
80,4.0,24.0,4.0,0.0,2022.0,1.0,3.0,4.0,2.0,1.0,4.0,3.0,37.0,3.0,2.0,1.0,3.0,2.0,2.0,2.0,1.0
81,4.0,36.0,4.0,3.0,3342.0,5.0,5.0,4.0,3.0,1.0,2.0,3.0,51.0,3.0,2.0,1.0,3.0,2.0,2.0,2.0,1.0
82,2.0,18.0,2.0,0.0,5866.0,2.0,3.0,2.0,3.0,1.0,2.0,3.0,30.0,3.0,2.0,2.0,3.0,2.0,2.0,2.0,1.0
83,3.0,15.0,4.0,1.0,2360.0,3.0,3.0,2.0,3.0,1.0,2.0,3.0,36.0,3.0,2.0,1.0,3.0,2.0,2.0,2.0,1.0
84,4.0,15.0,4.0,2.0,1520.0,5.0,5.0,4.0,3.0,1.0,4.0,2.0,63.0,3.0,2.0,1.0,3.0,2.0,1.0,2.0,1.0
85,1.0,12.0,2.0,0.0,3651.0,4.0,3.0,1.0,3.0,1.0,3.0,2.0,31.0,3.0,2.0,1.0,3.0,1.0,1.0,2.0,1.0
86,4.0,24.0,4.0,1.0,2346.0,1.0,4.0,4.0,3.0,1.0,3.0,3.0,35.0,3.0,2.0,2.0,3.0,2.0,2.0,2.0,1.0
87,4.0,36.0,3.0,3.0,4454.0,1.0,3.0,4.0,2.0,1.0,4.0,1.0,34.0,3.0,2.0,2.0,3.0,2.0,1.0,2.0,1.0
88,1.0,6.0,4.0,0.0,666.0,4.0,4.0,3.0,2.0,1.0,4.0,1.0,39.0,3.0,2.0,2.0,2.0,2.0,2.0,2.0,1.0
89,2.0,24.0,3.0,0.0,1965.0,5.0,3.0,4.0,2.0,1.0,4.0,3.0,42.0,3.0,1.0,2.0,3.0,2.0,2.0,2.0,1.0
90,2.0,12.0,4.0,0.0,1995.0,2.0,2.0,4.0,3.0,1.0,1.0,3.0,27.0,3.0,2.0,1.0,3.0,2.0,1.0,2.0,1.0
91,2.0,30.0,2.0,3.0,2991.0,5.0,5.0,2.0,2.0,1.0,4.0,3.0,25.0,3.0,2.0,1.0,3.0,2.0,1.0,2.0,1.0
92,2.0,30.0,0.0,9.0,4221.0,1.0,3.0,2.0,2.0,1.0,1.0,3.0,28.0,3.0,2.0,2.0,3.0,2.0,1.0,2.0,1.0
93,1.0,9.0,2.0,3.0,1364.0,1.0,4.0,3.0,3.0,1.0,4.0,1.0,59.0,3.0,2.0,1.0,3.0,2.0,1.0,2.0,1.0
94,2.0,18.0,4.0,2.0,6361.0,1.0,5.0,2.0,3.0,1.0,1.0,4.0,41.0,3.0,2.0,1.0,3.0,2.0,2.0,2.0,1.0
95,4.0,27.0,4.0,2.0,4526.0,4.0,2.0,4.0,3.0,1.0,2.0,1.0,32.0,2.0,2.0,2.0,2.0,1.0,2.0,2.0,1.0
96,2.0,12.0,4.0,3.0,3573.0,1.0,3.0,1.0,2.0,1.0,1.0,1.0,23.0,3.0,2.0,1.0,2.0,2.0,1.0,2.0,1.0
97,2.0,36.0,3.0,9.0,4455.0,1.0,3.0,2.0,1.0,1.0,2.0,1.0,30.0,2.0,2.0,2.0,4.0,2.0,2.0,2.0,0.0
98,1.0,9.0,2.0,2.0,2136.0,1.0,3.0,3.0,3.0,1.0,2.0,1.0,25.0,3.0,2.0,1.0,3.0,2.0,1.0,2.0,1.0
99,2.0,42.0,4.0,9.0,5954.0,1.0,4.0,2.0,2.0,1.0,1.0,1.0,41.0,1.0,2.0,2.0,2.0,2.0,1.0,2.0,1.0
100,4.0,24.0,4.0,2.0,3777.0,4.0,3.0,4.0,3.0,1.0,4.0,1.0,40.0,3.0,2.0,1.0,3.0,2.0,2.0,2.0,1.0
101,1.0,15.0,2.0,9.0,806.0,1.0,3.0,4.0,2.0,1.0,4.0,2.0,22.0,3.0,2.0,1.0,2.0,2.0,1.0,2.0,1.0
102,2.0,24.0,3.0,9.0,4712.0,5.0,3.0,4.0,3.0,1.0,2.0,2.0,34.0,1.0,2.0,2.0,4.0,2.0,2.0,2.0,1.0
103,2.0,36.0,3.0,0.0,7432.0,1.0,3.0,2.0,2.0,1.0,2.0,2.0,54.0,3.0,1.0,1.0,3.0,2.0,1.0,2.0,1.0
104,4.0,24.0,4.0,3.0,1851.0,1.0,4.0,4.0,4.0,3.0,2.0,3.0,33.0,3.0,2.0,2.0,3.0,2.0,2.0,2.0,1.0
105,4.0,24.0,2.0,0.0,1393.0,1.0,3.0,2.0,3.0,3.0,2.0,1.0,31.0,3.0,2.0,1.0,3.0,2.0,2.0,2.0,1.0
106,4.0,12.0,4.0,9.0,1412.0,1.0,3.0,4.0,2.0,3.0,2.0,1.0,29.0,3.0,2.0,2.0,4.0,2.0,2.0,2.0,1.0
107,4.0,18.0,2.0,3.0,1473.0,1.0,2.0,3.0,4.0,1.0,4.0,1.0,39.0,3.0,2.0,1.0,3.0,2.0,2.0,2.0,1.0
108,4.0,24.0,2.0,3.0,1533.0,1.0,2.0,4.0,2.0,1.0,3.0,3.0,38.0,2.0,2.0,1.0,3.0,2.0,2.0,2.0,1.0
109,4.0,12.0,4.0,6.0,2012.0,5.0,4.0,4.0,2.0,1.0,2.0,3.0,61.0,3.0,2.0,1.0,3.0,2.0,1.0,2.0,1.0
110,1.0,15.0,2.0,0.0,3959.0,1.0,3.0,3.0,2.0,1.0,2.0,2.0,29.0,3.0,2.0,1.0,3.0,2.0,2.0,2.0,0.0
111,1.0,6.0,2.0,2.0,428.0,1.0,5.0,2.0,2.0,1.0,1.0,2.0,49.0,1.0,2.0,1.0,3.0,2.0,2.0,2.0,1.0
112,2.0,12.0,4.0,0.0,2366.0,3.0,4.0,3.0,1.0,1.0,3.0,3.0,36.0,3.0,2.0,1.0,4.0,2.0,2.0,2.0,1.0
113,4.0,12.0,2.0,2.0,763.0,1.0,3.0,4.0,2.0,1.0,1.0,1.0,26.0,3.0,2.0,1.0,3.0,2.0,2.0,2.0,1.0
114,2.0,21.0,2.0,2.0,3976.0,5.0,4.0,2.0,3.0,1.0,3.0,3.0,35.0,3.0,2.0,1.0,3.0,2.0,2.0,2.0,1.0
115,2.0,18.0,2.0,0.0,6260.0,1.0,4.0,3.0,3.0,1.0,3.0,1.0,28.0,3.0,1.0,1.0,2.0,2.0,1.0,2.0,1.0
116,2.0,9.0,4.0,2.0,1919.0,1.0,4.0,4.0,3.0,1.0,3.0,3.0,35.0,3.0,1.0,1.0,3.0,2.0,2.0,2.0,1.0
117,4.0,24.0,2.0,1.0,2603.0,4.0,3.0,2.0,2.0,1.0,4.0,3.0,28.0,3.0,1.0,1.0,3.0,2.0,2.0,2.0,1.0
118,4.0,9.0,4.0,6.0,936.0,3.0,5.0,4.0,3.0,1.0,2.0,3.0,52.0,3.0,2.0,2.0,3.0,2.0,2.0,2.0,1.0
119,4.0,24.0,2.0,2.0,3062.0,3.0,5.0,4.0,3.0,1.0,3.0,4.0,32.0,3.0,1.0,1.0,3.0,2.0,2.0,2.0,1.0
120,2.0,36.0,2.0,3.0,4795.0,1.0,2.0,4.0,2.0,1.0,1.0,4.0,30.0,3.0,2.0,1.0,4.0,2.0,2.0,2.0,1.0
121,4.0,36.0,4.0,1.0,5842.0,1.0,5.0,2.0,3.0,1.0,2.0,2.0,35.0,3.0,2.0,2.0,3.0,1.0,2.0,2.0,1.0
122,2.0,6.0,2.0,3.0,2063.0,1.0,2.0,4.0,4.0,1.0,3.0,3.0,30.0,3.0,1.0,1.0,4.0,2.0,2.0,2.0,1.0
123,4.0,15.0,4.0,3.0,1459.0,1.0,3.0,4.0,2.0,1.0,2.0,3.0,43.0,3.0,2.0,1.0,2.0,2.0,1.0,2.0,1.0
124,4.0,15.0,2.0,3.0,1213.0,3.0,5.0,4.0,3.0,1.0,3.0,2.0,47.0,2.0,2.0,1.0,3.0,2.0,2.0,2.0,1.0
125,4.0,24.0,4.0,3.0,5103.0,1.0,2.0,3.0,4.0,1.0,3.0,4.0,47.0,3.0,3.0,3.0,3.0,2.0,2.0,2.0,1.0
126,4.0,15.0,2.0,4.0,874.0,5.0,2.0,4.0,2.0,1.0,1.0,1.0,24.0,3.0,2.0,1.0,3.0,2.0,1.0,2.0,1.0
127,4.0,6.0,2.0,2.0,2978.0,3.0,3.0,1.0,3.0,1.0,2.0,3.0,32.0,3.0,2.0,1.0,3.0,2.0,2.0,2.0,1.0
128,4.0,18.0,2.0,0.0,1820.0,1.0,3.0,2.0,4.0,1.0,2.0,2.0,30.0,3.0,2.0,1.0,4.0,2.0,2.0,2.0,1.0
129,4.0,24.0,4.0,3.0,2872.0,2.0,5.0,3.0,3.0,1.0,4.0,1.0,36.0,3.0,2.0,1.0,3.0,1.0,2.0,2.0,1.0
130,3.0,24.0,2.0,2.0,1925.0,1.0,3.0,2.0,3.0,1.0,2.0,1.0,26.0,3.0,2.0,1.0,3.0,2.0,1.0,2.0,1.0
131,4.0,18.0,2.0,2.0,2515.0,1.0,3.0,3.0,3.0,1.0,4.0,1.0,43.0,3.0,2.0,1.0,3.0,2.0,2.0,2.0,1.0
132,3.0,6.0,2.0,2.0,2116.0,1.0,3.0,2.0,3.0,1.0,2.0,1.0,41.0,3.0,2.0,1.0,3.0,2.0,2.0,2.0,1.0
133,4.0,18.0,2.0,3.0,1453.0,1.0,2.0,3.0,2.0,1.0,1.0,1.0,26.0,3.0,2.0,1.0,3.0,2.0,1.0,2.0,1.0
134,4.0,10.0,2.0,0.0,1364.0,1.0,3.0,2.0,2.0,1.0,4.0,3.0,64.0,3.0,2.0,1.0,3.0,2.0,2.0,2.0,1.0
135,4.0,6.0,2.0,2.0,1543.0,4.0,3.0,4.0,1.0,1.0,2.0,1.0,33.0,3.0,2.0,1.0,3.0,2.0,1.0,2.0,1.0
136,2.0,12.0,2.0,0.0,1318.0,4.0,5.0,4.0,3.0,1.0,4.0,1.0,54.0,3.0,2.0,1.0,3.0,2.0,2.0,2.0,1.0
137,1.0,24.0,1.0,0.0,2325.0,2.0,4.0,2.0,3.0,1.0,3.0,3.0,32.0,1.0,2.0,1.0,3.0,2.0,1.0,2.0,1.0
138,2.0,6.0,4.0,8.0,932.0,5.0,4.0,1.0,2.0,1.0,3.0,2.0,39.0,3.0,2.0,2.0,2.0,2.0,1.0,2.0,1.0
139,3.0,24.0,4.0,3.0,3148.0,5.0,3.0,3.0,3.0,1.0,2.0,3.0,31.0,3.0,2.0,2.0,3.0,2.0,2.0,2.0,1.0
140,4.0,36.0,2.0,3.0,3835.0,5.0,5.0,2.0,2.0,1.0,4.0,1.0,45.0,3.0,2.0,1.0,2.0,2.0,2.0,2.0,1.0
141,4.0,9.0,2.0,6.0,3832.0,5.0,5.0,1.0,3.0,1.0,4.0,1.0,64.0,3.0,2.0,1.0,2.0,2.0,1.0,2.0,1.0
142,2.0,24.0,2.0,3.0,5084.0,5.0,5.0,2.0,2.0,1.0,4.0,3.0,42.0,3.0,2.0,1.0,3.0,2.0,2.0,2.0,1.0
143,4.0,9.0,4.0,2.0,2406.0,1.0,1.0,2.0,3.0,1.0,3.0,3.0,31.0,3.0,2.0,1.0,4.0,2.0,1.0,2.0,1.0
144,4.0,36.0,2.0,3.0,2394.0,5.0,3.0,4.0,2.0,1.0,4.0,3.0,25.0,3.0,2.0,1.0,3.0,2.0,1.0,2.0,1.0
145,4.0,21.0,2.0,1.0,2476.0,5.0,5.0,4.0,3.0,1.0,4.0,1.0,46.0,3.0,2.0,1.0,4.0,2.0,2.0,2.0,1.0
146,1.0,24.0,2.0,1.0,2964.0,5.0,5.0,4.0,3.0,1.0,4.0,4.0,49.0,1.0,3.0,1.0,3.0,1.0,2.0,2.0,1.0
147,1.0,12.0,2.0,2.0,1262.0,5.0,5.0,2.0,1.0,1.0,4.0,2.0,49.0,3.0,2.0,1.0,2.0,2.0,2.0,2.0,1.0
148,4.0,12.0,2.0,9.0,1542.0,1.0,4.0,2.0,3.0,1.0,4.0,3.0,36.0,3.0,2.0,1.0,3.0,2.0,2.0,2.0,1.0
149,2.0,24.0,4.0,3.0,1743.0,1.0,5.0,4.0,3.0,1.0,2.0,2.0,48.0,3.0,2.0,2.0,2.0,2.0,1.0,2.0,1.0
150,3.0,12.0,1.0,3.0,409.0,4.0,3.0,3.0,2.0,1.0,3.0,1.0,42.0,3.0,1.0,2.0,3.0,2.0,1.0,2.0,1.0
151,4.0,12.0,2.0,3.0,2171.0,1.0,2.0,2.0,2.0,1.0,2.0,3.0,29.0,1.0,2.0,1.0,3.0,2.0,1.0,2.0,1.0
152,4.0,48.0,4.0,1.0,8858.0,5.0,4.0,2.0,3.0,1.0,1.0,4.0,35.0,3.0,3.0,2.0,3.0,2.0,2.0,2.0,1.0
153,2.0,24.0,2.0,0.0,3512.0,2.0,4.0,2.0,3.0,1.0,3.0,3.0,38.0,1.0,2.0,2.0,3.0,2.0,2.0,2.0,1.0
154,2.0,12.0,2.0,3.0,1158.0,3.0,3.0,3.0,1.0,1.0,1.0,3.0,26.0,3.0,2.0,1.0,3.0,2.0,2.0,2.0,1.0
155,4.0,24.0,4.0,3.0,2684.0,1.0,3.0,4.0,3.0,1.0,2.0,1.0,35.0,3.0,2.0,2.0,2.0,2.0,1.0,2.0,1.0
156,1.0,12.0,2.0,3.0,1498.0,1.0,3.0,4.0,2.0,1.0,1.0,3.0,23.0,1.0,2.0,1.0,3.0,2.0,1.0,2.0,1.0
157,4.0,30.0,4.0,3.0,5954.0,1.0,4.0,3.0,3.0,2.0,2.0,3.0,38.0,3.0,2.0,1.0,3.0,2.0,1.0,2.0,1.0
158,2.0,48.0,1.0,9.0,6416.0,1.0,5.0,4.0,2.0,1.0,3.0,4.0,59.0,3.0,1.0,1.0,3.0,2.0,1.0,2.0,0.0
159,2.0,12.0,4.0,2.0,3617.0,1.0,5.0,1.0,3.0,1.0,4.0,3.0,28.0,3.0,1.0,3.0,3.0,2.0,2.0,2.0,1.0
160,4.0,12.0,4.0,3.0,1291.0,1.0,3.0,4.0,2.0,1.0,2.0,2.0,35.0,3.0,2.0,2.0,3.0,2.0,1.0,2.0,1.0
161,3.0,24.0,4.0,9.0,1275.0,4.0,3.0,2.0,1.0,1.0,4.0,1.0,36.0,3.0,2.0,2.0,3.0,2.0,2.0,2.0,1.0
162,4.0,24.0,2.0,2.0,3972.0,1.0,4.0,2.0,2.0,1.0,4.0,2.0,25.0,3.0,1.0,1.0,3.0,2.0,2.0,2.0,1.0
163,4.0,15.0,4.0,2.0,3343.0,1.0,3.0,4.0,3.0,1.0,2.0,4.0,28.0,3.0,3.0,1.0,3.0,2.0,2.0,2.0,1.0
164,3.0,15.0,2.0,6.0,392.0,1.0,2.0,4.0,2.0,1.0,4.0,2.0,23.0,3.0,1.0,1.0,3.0,2.0,2.0,2.0,1.0
165,4.0,9.0,4.0,0.0,2134.0,1.0,3.0,4.0,3.0,1.0,4.0,3.0,48.0,3.0,2.0,3.0,3.0,2.0,2.0,2.0,1.0
166,4.0,30.0,4.0,3.0,5771.0,1.0,4.0,4.0,2.0,1.0,2.0,3.0,25.0,3.0,2.0,2.0,3.0,2.0,1.0,2.0,1.0
167,4.0,24.0,4.0,9.0,4526.0,1.0,3.0,3.0,3.0,1.0,2.0,1.0,74.0,3.0,2.0,1.0,4.0,2.0,2.0,2.0,1.0
168,4.0,15.0,4.0,2.0,2788.0,1.0,4.0,2.0,2.0,2.0,3.0,3.0,24.0,1.0,2.0,2.0,3.0,2.0,1.0,2.0,1.0
169,4.0,6.0,4.0,3.0,1382.0,1.0,3.0,1.0,2.0,1.0,1.0,3.0,28.0,3.0,2.0,2.0,3.0,2.0,2.0,2.0,1.0
170,3.0,36.0,2.0,3.0,5848.0,1.0,3.0,4.0,3.0,1.0,1.0,3.0,24.0,3.0,2.0,1.0,3.0,2.0,1.0,2.0,1.0
171,1.0,12.0,2.0,0.0,1228.0,1.0,3.0,4.0,2.0,1.0,2.0,1.0,24.0,3.0,2.0,1.0,2.0,2.0,1.0,2.0,0.0
172,3.0,12.0,2.0,3.0,1297.0,1.0,3.0,3.0,4.0,1.0,4.0,1.0,23.0,3.0,1.0,1.0,3.0,2.0,1.0,2.0,1.0
173,4.0,24.0,2.0,3.0,1552.0,1.0,4.0,3.0,3.0,1.0,1.0,3.0,32.0,1.0,2.0,1.0,3.0,1.0,1.0,2.0,1.0
174,4.0,12.0,2.0,3.0,1963.0,1.0,4.0,4.0,3.0,1.0,2.0,3.0,31.0,3.0,1.0,2.0,4.0,1.0,2.0,2.0,1.0
175,4.0,24.0,2.0,3.0,3235.0,3.0,5.0,3.0,1.0,1.0,2.0,3.0,36.0,3.0,2.0,1.0,4.0,2.0,2.0,2.0,1.0
176,4.0,24.0,4.0,9.0,4139.0,2.0,3.0,3.0,3.0,1.0,3.0,2.0,27.0,3.0,2.0,2.0,2.0,2.0,2.0,2.0,1.0
177,2.0,12.0,4.0,1.0,1804.0,2.0,2.0,3.0,3.0,1.0,4.0,2.0,44.0,3.0,2.0,1.0,3.0,2.0,1.0,2.0,1.0
178,4.0,18.0,2.0,9.0,1950.0,1.0,4.0,4.0,3.0,1.0,1.0,3.0,34.0,2.0,2.0,2.0,3.0,2.0,2.0,2.0,1.0
179,4.0,48.0,3.0,3.0,12749.0,3.0,4.0,4.0,3.0,1.0,1.0,3.0,37.0,3.0,2.0,1.0,4.0,2.0,2.0,2.0,1.0
180,4.0,9.0,2.0,4.0,1236.0,1.0,2.0,1.0,2.0,1.0,4.0,1.0,23.0,3.0,1.0,1.0,3.0,2.0,2.0,2.0,1.0
181,4.0,18.0,4.0,0.0,1055.0,1.0,2.0,4.0,2.0,1.0,1.0,2.0,30.0,3.0,2.0,2.0,3.0,2.0,1.0,2.0,1.0
182,1.0,30.0,0.0,9.0,8072.0,5.0,2.0,2.0,3.0,1.0,3.0,3.0,25.0,1.0,2.0,3.0,3.0,2.0,1.0,2.0,1.0
183,4.0,30.0,4.0,3.0,2831.0,1.0,3.0,4.0,2.0,1.0,2.0,3.0,33.0,3.0,2.0,1.0,3.0,2.0,2.0,2.0,1.0
184,4.0,9.0,2.0,9.0,1449.0,1.0,4.0,3.0,2.0,1.0,2.0,3.0,27.0,3.0,2.0,2.0,3.0,2.0,1.0,2.0,1.0
185,4.0,36.0,2.0,9.0,5742.0,2.0,4.0,2.0,3.0,1.0,2.0,3.0,31.0,3.0,2.0,2.0,3.0,2.0,2.0,2.0,1.0
186,4.0,12.0,2.0,0.0,2390.0,5.0,5.0,4.0,3.0,1.0,3.0,3.0,50.0,3.0,2.0,1.0,3.0,2.0,2.0,2.0,1.0
187,4.0,24.0,2.0,3.0,3430.0,3.0,5.0,3.0,3.0,1.0,2.0,3.0,31.0,3.0,2.0,1.0,3.0,1.0,2.0,2.0,1.0
188,2.0,36.0,2.0,6.0,2273.0,1.0,4.0,3.0,3.0,1.0,1.0,3.0,32.0,3.0,2.0,2.0,3.0,1.0,1.0,2.0,1.0
189,3.0,21.0,2.0,0.0,2923.0,2.0,3.0,1.0,2.0,1.0,1.0,3.0,28.0,1.0,2.0,1.0,4.0,2.0,2.0,2.0,1.0
190,4.0,24.0,2.0,3.0,1901.0,2.0,3.0,4.0,3.0,1.0,4.0,3.0,29.0,3.0,1.0,1.0,4.0,2.0,2.0,2.0,1.0
191,2.0,36.0,2.0,6.0,3711.0,5.0,3.0,2.0,4.0,1.0,2.0,3.0,27.0,3.0,2.0,1.0,3.0,2.0,1.0,2.0,1.0
192,2.0,48.0,2.0,0.0,8487.0,5.0,4.0,1.0,2.0,1.0,2.0,3.0,24.0,3.0,2.0,1.0,3.0,2.0,1.0,2.0,1.0
193,4.0,24.0,2.0,0.0,2255.0,5.0,2.0,4.0,3.0,1.0,1.0,2.0,54.0,3.0,2.0,1.0,3.0,2.0,1.0,2.0,1.0
194,4.0,12.0,2.0,3.0,1262.0,1.0,3.0,3.0,3.0,1.0,2.0,3.0,25.0,3.0,2.0,1.0,3.0,2.0,1.0,2.0,1.0
195,4.0,33.0,4.0,1.0,7253.0,1.0,4.0,3.0,3.0,1.0,2.0,3.0,35.0,3.0,2.0,2.0,4.0,2.0,2.0,2.0,1.0
196,4.0,6.0,4.0,0.0,6761.0,1.0,4.0,1.0,3.0,1.0,3.0,4.0,45.0,3.0,2.0,2.0,4.0,1.0,2.0,2.0,1.0
197,4.0,18.0,4.0,2.0,1817.0,1.0,3.0,4.0,2.0,1.0,2.0,4.0,28.0,3.0,2.0,2.0,3.0,2.0,1.0,2.0,1.0
198,4.0,12.0,2.0,3.0,2141.0,2.0,4.0,3.0,3.0,1.0,1.0,4.0,35.0,3.0,2.0,1.0,3.0,2.0,1.0,2.0,1.0
199,4.0,48.0,1.0,9.0,3609.0,1.0,3.0,1.0,2.0,1.0,1.0,1.0,27.0,2.0,2.0,1.0,3.0,2.0,1.0,2.0,1.0
200,4.0,30.0,2.0,3.0,2333.0,3.0,5.0,4.0,3.0,1.0,2.0,3.0,30.0,1.0,2.0,1.0,4.0,2.0,1.0,2.0,1.0
201,4.0,28.0,1.0,1.0,7824.0,5.0,2.0,3.0,3.0,3.0,4.0,1.0,40.0,1.0,1.0,2.0,3.0,1.0,2.0,2.0,1.0
202,3.0,18.0,1.0,3.0,1445.0,5.0,4.0,4.0,3.0,1.0,4.0,3.0,49.0,1.0,2.0,1.0,2.0,2.0,1.0,2.0,1.0
203,1.0,24.0,2.0,2.0,7721.0,5.0,2.0,1.0,2.0,1.0,2.0,2.0,30.0,3.0,2.0,1.0,3.0,2.0,2.0,1.0,1.0
204,1.0,21.0,2.0,0.0,3763.0,5.0,4.0,2.0,3.0,2.0,2.0,1.0,24.0,3.0,2.0,1.0,2.0,2.0,1.0,1.0,1.0
205,2.0,18.0,2.0,9.0,4439.0,1.0,5.0,1.0,3.0,2.0,1.0,1.0,33.0,1.0,2.0,1.0,4.0,2.0,2.0,2.0,1.0
206,1.0,12.0,2.0,3.0,1107.0,1.0,3.0,2.0,3.0,1.0,2.0,1.0,20.0,3.0,1.0,1.0,4.0,1.0,2.0,2.0,1.0
207,2.0,15.0,2.0,3.0,1444.0,5.0,2.0,4.0,3.0,1.0,1.0,2.0,23.0,3.0,2.0,1.0,3.0,2.0,1.0,2.0,1.0
208,2.0,48.0,1.0,0.0,12169.0,5.0,1.0,4.0,3.0,2.0,4.0,4.0,36.0,3.0,3.0,1.0,4.0,2.0,2.0,2.0,1.0
209,4.0,9.0,2.0,3.0,2753.0,2.0,5.0,3.0,3.0,2.0,4.0,3.0,35.0,3.0,2.0,1.0,3.0,2.0,2.0,2.0,1.0
210,3.0,4.0,2.0,0.0,1494.0,5.0,2.0,1.0,3.0,1.0,2.0,1.0,29.0,3.0,2.0,1.0,2.0,1.0,1.0,1.0,1.0
211,1.0,24.0,1.0,2.0,2828.0,3.0,3.0,4.0,3.0,1.0,4.0,1.0,22.0,2.0,2.0,1.0,3.0,2.0,2.0,2.0,1.0
212,1.0,24.0,1.0,2.0,2483.0,3.0,3.0,4.0,3.0,1.0,4.0,1.0,22.0,2.0,2.0,1.0,3.0,2.0,2.0,2.0,1.0
213,3.0,6.0,4.0,0.0,1299.0,1.0,3.0,1.0,3.0,1.0,1.0,1.0,74.0,3.0,2.0,3.0,1.0,1.0,1.0,1.0,1.0
214,2.0,9.0,2.0,0.0,1549.0,5.0,2.0,4.0,3.0,1.0,2.0,1.0,35.0,3.0,2.0,1.0,1.0,2.0,1.0,2.0,1.0
215,3.0,10.0,2.0,0.0,3949.0,1.0,2.0,1.0,3.0,3.0,1.0,2.0,37.0,3.0,2.0,1.0,2.0,1.0,1.0,2.0,1.0
216,4.0,10.0,2.0,1.0,2901.0,5.0,2.0,1.0,2.0,1.0,4.0,1.0,31.0,3.0,1.0,1.0,3.0,2.0,1.0,2.0,1.0
217,3.0,6.0,2.0,0.0,709.0,4.0,2.0,2.0,4.0,1.0,2.0,1.0,27.0,3.0,2.0,1.0,1.0,2.0,1.0,1.0,1.0
218,1.0,47.0,2.0,0.0,10722.0,1.0,2.0,1.0,2.0,1.0,1.0,1.0,35.0,3.0,2.0,1.0,2.0,2.0,2.0,2.0,1.0
219,4.0,10.0,2.0,0.0,1287.0,5.0,5.0,4.0,3.0,2.0,2.0,2.0,45.0,3.0,2.0,1.0,2.0,2.0,1.0,1.0,1.0
220,1.0,18.0,1.0,3.0,1940.0,1.0,2.0,3.0,3.0,2.0,4.0,4.0,36.0,1.0,3.0,1.0,4.0,2.0,2.0,2.0,1.0
221,3.0,30.0,4.0,3.0,3656.0,5.0,5.0,4.0,3.0,1.0,4.0,2.0,49.0,2.0,2.0,2.0,2.0,2.0,1.0,2.0,1.0
222,4.0,24.0,3.0,1.0,4679.0,1.0,4.0,3.0,3.0,1.0,3.0,3.0,35.0,3.0,2.0,2.0,2.0,2.0,2.0,2.0,1.0
223,4.0,27.0,3.0,1.0,8613.0,4.0,3.0,2.0,3.0,1.0,2.0,3.0,27.0,3.0,2.0,2.0,3.0,2.0,1.0,2.0,1.0
224,1.0,18.0,2.0,2.0,2659.0,4.0,3.0,4.0,3.0,1.0,2.0,3.0,28.0,3.0,2.0,1.0,3.0,2.0,1.0,2.0,1.0
225,4.0,24.0,4.0,3.0,1516.0,4.0,3.0,4.0,2.0,1.0,1.0,1.0,43.0,3.0,2.0,2.0,2.0,2.0,1.0,2.0,1.0
226,1.0,18.0,2.0,0.0,4380.0,2.0,3.0,3.0,3.0,1.0,4.0,3.0,35.0,3.0,2.0,1.0,2.0,1.0,2.0,2.0,1.0
227,4.0,14.0,3.0,0.0,802.0,1.0,3.0,4.0,3.0,1.0,2.0,3.0,27.0,3.0,2.0,2.0,2.0,2.0,1.0,2.0,1.0
228,4.0,21.0,2.0,9.0,1572.0,4.0,5.0,4.0,2.0,1.0,4.0,1.0,36.0,1.0,2.0,1.0,2.0,2.0,1.0,2.0,1.0
229,2.0,48.0,1.0,9.0,3566.0,2.0,4.0,4.0,3.0,1.0,2.0,3.0,30.0,3.0,2.0,1.0,3.0,2.0,1.0,2.0,1.0
230,4.0,24.0,2.0,3.0,1278.0,1.0,5.0,4.0,3.0,1.0,1.0,1.0,36.0,3.0,2.0,1.0,4.0,2.0,2.0,2.0,1.0
231,4.0,6.0,0.0,3.0,426.0,1.0,5.0,4.0,4.0,1.0,4.0,3.0,39.0,3.0,2.0,1.0,2.0,2.0,1.0,2.0,1.0
232,4.0,39.0,2.0,1.0,8588.0,2.0,5.0,4.0,3.0,1.0,2.0,3.0,45.0,3.0,2.0,1.0,4.0,2.0,2.0,2.0,1.0
233,1.0,30.0,2.0,1.0,3857.0,1.0,3.0,4.0,1.0,1.0,4.0,2.0,40.0,3.0,2.0,1.0,4.0,2.0,2.0,2.0,1.0
234,2.0,12.0,2.0,0.0,685.0,1.0,4.0,2.0,4.0,1.0,3.0,3.0,25.0,1.0,2.0,1.0,2.0,2.0,1.0,2.0,0.0
235,1.0,24.0,2.0,3.0,1603.0,1.0,5.0,4.0,2.0,1.0,4.0,3.0,55.0,3.0,2.0,1.0,3.0,2.0,1.0,2.0,1.0
236,4.0,21.0,2.0,2.0,2241.0,1.0,5.0,4.0,3.0,1.0,2.0,1.0,50.0,3.0,2.0,2.0,3.0,2.0,1.0,2.0,1.0
237,1.0,24.0,2.0,3.0,2384.0,1.0,5.0,4.0,3.0,1.0,4.0,1.0,64.0,1.0,1.0,1.0,2.0,2.0,1.0,2.0,1.0
238,4.0,4.0,2.0,2.0,601.0,1.0,2.0,1.0,2.0,1.0,3.0,1.0,23.0,3.0,1.0,1.0,2.0,1.0,1.0,2.0,1.0
239,4.0,39.0,2.0,1.0,2569.0,3.0,3.0,4.0,3.0,1.0,4.0,3.0,24.0,3.0,2.0,1.0,3.0,2.0,1.0,2.0,1.0
240,4.0,15.0,4.0,3.0,1316.0,3.0,3.0,2.0,4.0,1.0,2.0,2.0,47.0,3.0,2.0,2.0,2.0,2.0,1.0,2.0,1.0
241,4.0,60.0,2.0,0.0,10366.0,1.0,5.0,2.0,3.0,1.0,4.0,2.0,42.0,3.0,2.0,1.0,4.0,2.0,2.0,2.0,1.0
242,4.0,18.0,2.0,9.0,1568.0,2.0,3.0,3.0,2.0,1.0,4.0,2.0,24.0,3.0,1.0,1.0,2.0,2.0,1.0,2.0,1.0
243,4.0,18.0,4.0,3.0,629.0,3.0,5.0,4.0,3.0,1.0,3.0,2.0,32.0,1.0,2.0,2.0,4.0,2.0,2.0,2.0,1.0
244,4.0,6.0,1.0,3.0,1750.0,3.0,5.0,2.0,3.0,1.0,4.0,2.0,45.0,1.0,2.0,1.0,2.0,1.0,1.0,2.0,1.0
245,4.0,24.0,2.0,1.0,3488.0,2.0,4.0,3.0,2.0,1.0,4.0,3.0,23.0,3.0,2.0,1.0,3.0,2.0,1.0,2.0,1.0
246,4.0,18.0,4.0,3.0,1800.0,1.0,3.0,4.0,3.0,1.0,2.0,3.0,24.0,3.0,2.0,2.0,3.0,2.0,1.0,2.0,1.0
247,4.0,24.0,3.0,2.0,4151.0,2.0,3.0,2.0,3.0,1.0,3.0,2.0,35.0,3.0,2.0,2.0,3.0,2.0,1.0,2.0,1.0
248,2.0,15.0,2.0,5.0,2631.0,2.0,3.0,3.0,2.0,1.0,2.0,1.0,25.0,3.0,2.0,1.0,2.0,2.0,1.0,2.0,1.0
249,4.0,21.0,2.0,1.0,5248.0,5.0,3.0,1.0,3.0,1.0,3.0,3.0,26.0,3.0,2.0,1.0,3.0,2.0,1.0,2.0,1.0
250,2.0,18.0,3.0,0.0,2899.0,5.0,5.0,4.0,3.0,1.0,4.0,3.0,43.0,3.0,2.0,1.0,3.0,1.0,1.0,2.0,1.0
251,2.0,18.0,3.0,5.0,6204.0,1.0,3.0,2.0,3.0,1.0,4.0,1.0,44.0,3.0,2.0,1.0,2.0,1.0,2.0,2.0,1.0
252,4.0,12.0,2.0,3.0,804.0,1.0,5.0,4.0,3.0,1.0,4.0,3.0,38.0,3.0,2.0,1.0,3.0,2.0,1.0,2.0,1.0
253,4.0,36.0,2.0,3.0,3595.0,1.0,5.0,4.0,3.0,1.0,2.0,3.0,28.0,3.0,2.0,1.0,3.0,2.0,1.0,2.0,1.0
254,4.0,36.0,4.0,1.0,5711.0,4.0,5.0,4.0,3.0,1.0,2.0,3.0,38.0,3.0,2.0,2.0,4.0,2.0,2.0,2.0,1.0
255,3.0,15.0,2.0,9.0,2687.0,1.0,4.0,2.0,3.0,1.0,4.0,2.0,26.0,3.0,1.0,1.0,3.0,2.0,2.0,2.0,1.0
256,1.0,15.0,3.0,2.0,3643.0,1.0,5.0,1.0,2.0,1.0,4.0,2.0,27.0,3.0,2.0,2.0,2.0,2.0,1.0,2.0,1.0
257,4.0,10.0,4.0,2.0,2146.0,1.0,2.0,1.0,2.0,1.0,3.0,1.0,23.0,3.0,1.0,2.0,3.0,2.0,1.0,2.0,1.0
258,1.0,10.0,2.0,3.0,2315.0,1.0,5.0,3.0,3.0,1.0,4.0,1.0,52.0,3.0,2.0,1.0,2.0,2.0,1.0,2.0,1.0
259,4.0,5.0,2.0,9.0,3448.0,1.0,4.0,1.0,3.0,1.0,4.0,1.0,74.0,3.0,2.0,1.0,2.0,2.0,1.0,2.0,1.0
260,4.0,15.0,2.0,2.0,2708.0,1.0,2.0,2.0,3.0,1.0,3.0,2.0,27.0,1.0,2.0,2.0,2.0,2.0,1.0,2.0,1.0
261,4.0,11.0,4.0,0.0,1393.0,1.0,2.0,4.0,2.0,1.0,4.0,3.0,35.0,3.0,2.0,2.0,4.0,2.0,1.0,2.0,1.0
262,3.0,10.0,2.0,2.0,1275.0,1.0,2.0,4.0,2.0,1.0,2.0,2.0,23.0,3.0,2.0,1.0,3.0,2.0,1.0,2.0,1.0
263,4.0,9.0,2.0,2.0,1313.0,1.0,5.0,1.0,3.0,1.0,4.0,3.0,20.0,3.0,2.0,1.0,3.0,2.0,1.0,2.0,1.0
264,4.0,12.0,2.0,3.0,1493.0,1.0,2.0,4.0,2.0,1.0,3.0,3.0,34.0,3.0,2.0,1.0,3.0,1.0,1.0,2.0,1.0
265,4.0,22.0,2.0,3.0,2675.0,3.0,5.0,3.0,3.0,1.0,4.0,3.0,40.0,3.0,2.0,1.0,3.0,2.0,1.0,2.0,1.0
266,2.0,9.0,2.0,3.0,2118.0,1.0,3.0,2.0,3.0,1.0,2.0,1.0,37.0,3.0,2.0,1.0,2.0,1.0,1.0,2.0,1.0
267,4.0,36.0,2.0,0.0,909.0,3.0,5.0,4.0,3.0,1.0,4.0,2.0,36.0,3.0,2.0,1.0,3.0,2.0,1.0,2.0,1.0
268,4.0,12.0,4.0,2.0,1258.0,1.0,2.0,2.0,2.0,1.0,4.0,2.0,22.0,3.0,1.0,2.0,2.0,2.0,1.0,2.0,1.0
269,4.0,15.0,1.0,3.0,1569.0,2.0,5.0,4.0,3.0,1.0,4.0,3.0,34.0,1.0,2.0,1.0,2.0,1.0,1.0,2.0,1.0
270,4.0,6.0,2.0,1.0,1236.0,3.0,3.0,2.0,3.0,1.0,4.0,2.0,50.0,3.0,1.0,1.0,3.0,2.0,1.0,2.0,1.0
271,4.0,36.0,3.0,2.0,7678.0,3.0,4.0,2.0,2.0,1.0,4.0,3.0,40.0,3.0,2.0,2.0,3.0,2.0,2.0,2.0,1.0
272,4.0,6.0,2.0,5.0,660.0,3.0,4.0,2.0,4.0,1.0,4.0,1.0,23.0,3.0,1.0,1.0,2.0,2.0,1.0,2.0,1.0
273,4.0,24.0,2.0,2.0,2835.0,3.0,5.0,3.0,3.0,1.0,4.0,2.0,53.0,3.0,2.0,1.0,3.0,2.0,1.0,2.0,1.0
274,4.0,24.0,2.0,1.0,2670.0,1.0,5.0,4.0,3.0,1.0,4.0,3.0,35.0,3.0,2.0,1.0,4.0,2.0,2.0,2.0,1.0
275,4.0,12.0,1.0,8.0,3447.0,3.0,3.0,4.0,2.0,1.0,3.0,1.0,35.0,3.0,2.0,1.0,2.0,1.0,1.0,2.0,1.0
276,4.0,15.0,2.0,3.0,3568.0,1.0,5.0,4.0,2.0,1.0,2.0,3.0,54.0,1.0,1.0,1.0,4.0,2.0,2.0,2.0,1.0
277,2.0,21.0,4.0,9.0,3652.0,1.0,4.0,2.0,3.0,1.0,3.0,2.0,27.0,3.0,2.0,2.0,3.0,2.0,1.0,2.0,1.0
278,1.0,24.0,2.0,3.0,3660.0,1.0,3.0,2.0,2.0,1.0,4.0,3.0,28.0,3.0,2.0,1.0,3.0,2.0,1.0,2.0,1.0
279,3.0,9.0,2.0,3.0,1126.0,2.0,5.0,2.0,1.0,1.0,4.0,1.0,49.0,3.0,2.0,1.0,3.0,2.0,1.0,2.0,1.0
280,3.0,6.0,3.0,3.0,683.0,1.0,2.0,2.0,2.0,1.0,1.0,2.0,29.0,1.0,2.0,1.0,3.0,2.0,1.0,2.0,1.0
281,3.0,12.0,2.0,2.0,2251.0,1.0,3.0,1.0,2.0,1.0,2.0,3.0,46.0,3.0,2.0,1.0,2.0,2.0,1.0,2.0,1.0
282,4.0,12.0,2.0,1.0,4675.0,5.0,2.0,1.0,2.0,1.0,4.0,3.0,20.0,3.0,1.0,1.0,3.0,2.0,1.0,2.0,1.0
283,2.0,21.0,3.0,0.0,2353.0,1.0,3.0,1.0,1.0,1.0,4.0,2.0,47.0,3.0,2.0,2.0,3.0,2.0,1.0,2.0,1.0
284,1.0,21.0,2.0,3.0,3357.0,4.0,2.0,4.0,2.0,1.0,2.0,3.0,29.0,1.0,2.0,1.0,3.0,2.0,1.0,2.0,1.0
285,4.0,6.0,2.0,0.0,672.0,1.0,1.0,1.0,2.0,1.0,4.0,1.0,54.0,3.0,2.0,1.0,1.0,2.0,2.0,2.0,1.0
286,1.0,6.0,4.0,3.0,338.0,3.0,5.0,4.0,3.0,1.0,4.0,3.0,52.0,3.0,2.0,2.0,3.0,2.0,1.0,2.0,1.0
287,4.0,9.0,2.0,3.0,2697.0,1.0,3.0,1.0,3.0,1.0,2.0,1.0,32.0,3.0,2.0,1.0,3.0,1.0,1.0,2.0,1.0
288,4.0,9.0,2.0,0.0,2507.0,3.0,5.0,2.0,3.0,1.0,4.0,4.0,51.0,3.0,3.0,1.0,2.0,2.0,1.0,2.0,1.0
289,4.0,15.0,3.0,3.0,1478.0,1.0,3.0,4.0,4.0,1.0,3.0,1.0,33.0,1.0,2.0,2.0,3.0,2.0,1.0,2.0,1.0
290,4.0,12.0,4.0,6.0,3565.0,5.0,2.0,2.0,3.0,1.0,1.0,2.0,37.0,3.0,2.0,2.0,2.0,1.0,1.0,2.0,1.0
291,4.0,15.0,2.0,2.0,2221.0,3.0,3.0,2.0,2.0,1.0,4.0,3.0,20.0,3.0,1.0,1.0,3.0,2.0,1.0,2.0,1.0
292,4.0,6.0,4.0,3.0,1898.0,5.0,3.0,1.0,3.0,1.0,2.0,1.0,34.0,3.0,2.0,2.0,2.0,1.0,1.0,2.0,1.0
293,2.0,6.0,3.0,9.0,1449.0,2.0,5.0,1.0,1.0,1.0,2.0,3.0,31.0,1.0,2.0,2.0,3.0,1.0,1.0,2.0,1.0
294,4.0,15.0,3.0,2.0,960.0,4.0,4.0,3.0,2.0,1.0,2.0,2.0,30.0,3.0,2.0,2.0,3.0,2.0,1.0,2.0,1.0
295,4.0,36.0,2.0,1.0,8133.0,1.0,3.0,1.0,2.0,1.0,2.0,2.0,30.0,1.0,2.0,1.0,3.0,2.0,1.0,2.0,1.0
296,4.0,9.0,2.0,2.0,2301.0,2.0,2.0,2.0,2.0,1.0,4.0,2.0,22.0,3.0,1.0,1.0,3.0,2.0,1.0,2.0,1.0
297,4.0,6.0,3.0,9.0,1743.0,2.0,3.0,1.0,3.0,1.0,2.0,1.0,34.0,3.0,2.0,2.0,2.0,2.0,1.0,2.0,1.0
298,2.0,12.0,2.0,2.0,983.0,4.0,2.0,1.0,2.0,1.0,4.0,1.0,19.0,3.0,1.0,1.0,2.0,2.0,1.0,2.0,1.0
299,4.0,18.0,3.0,3.0,2320.0,1.0,1.0,2.0,4.0,1.0,3.0,1.0,34.0,3.0,2.0,2.0,3.0,2.0,1.0,2.0,1.0
300,1.0,12.0,1.0,8.0,339.0,1.0,5.0,4.0,4.0,1.0,1.0,3.0,45.0,1.0,2.0,1.0,2.0,2.0,1.0,2.0,1.0
301,3.0,24.0,2.0,3.0,5152.0,1.0,4.0,4.0,3.0,1.0,2.0,3.0,25.0,1.0,2.0,1.0,3.0,2.0,1.0,2.0,1.0
302,3.0,24.0,2.0,2.0,3749.0,1.0,2.0,2.0,2.0,1.0,4.0,3.0,26.0,3.0,2.0,1.0,3.0,2.0,1.0,2.0,1.0
303,4.0,9.0,4.0,3.0,3074.0,5.0,3.0,1.0,3.0,1.0,2.0,1.0,33.0,3.0,2.0,2.0,3.0,1.0,1.0,2.0,1.0
304,3.0,9.0,2.0,3.0,745.0,1.0,3.0,3.0,2.0,1.0,2.0,1.0,28.0,3.0,2.0,1.0,2.0,2.0,1.0,2.0,0.0
305,4.0,24.0,2.0,0.0,1469.0,2.0,5.0,4.0,4.0,1.0,4.0,1.0,41.0,3.0,1.0,1.0,2.0,2.0,1.0,2.0,1.0
306,1.0,6.0,2.0,2.0,1374.0,1.0,3.0,1.0,3.0,1.0,2.0,1.0,36.0,1.0,2.0,1.0,2.0,2.0,2.0,2.0,1.0
307,4.0,6.0,1.0,0.0,783.0,5.0,3.0,1.0,3.0,3.0,2.0,1.0,26.0,2.0,2.0,1.0,2.0,1.0,1.0,2.0,1.0
308,1.0,21.0,2.0,3.0,2606.0,1.0,2.0,4.0,2.0,1.0,4.0,2.0,28.0,3.0,1.0,1.0,4.0,2.0,2.0,2.0,1.0
309,4.0,54.0,0.0,1.0,9436.0,5.0,3.0,2.0,3.0,1.0,2.0,2.0,39.0,3.0,2.0,1.0,2.0,1.0,1.0,2.0,1.0
310,4.0,12.0,4.0,3.0,930.0,5.0,5.0,4.0,3.0,1.0,4.0,1.0,65.0,3.0,2.0,4.0,3.0,2.0,1.0,2.0,1.0
311,4.0,48.0,4.0,1.0,2751.0,5.0,5.0,4.0,3.0,1.0,3.0,3.0,38.0,3.0,2.0,2.0,3.0,1.0,2.0,2.0,1.0
312,4.0,6.0,4.0,0.0,250.0,4.0,3.0,2.0,2.0,1.0,2.0,1.0,41.0,1.0,2.0,2.0,2.0,2.0,1.0,2.0,1.0
313,2.0,24.0,2.0,0.0,1201.0,1.0,2.0,4.0,3.0,1.0,1.0,2.0,26.0,3.0,2.0,1.0,3.0,2.0,1.0,2.0,1.0
314,1.0,6.0,2.0,0.0,662.0,1.0,2.0,3.0,3.0,1.0,4.0,1.0,41.0,3.0,2.0,1.0,2.0,1.0,2.0,2.0,1.0
315,4.0,15.0,2.0,1.0,1300.0,5.0,5.0,4.0,3.0,1.0,4.0,4.0,45.0,1.0,3.0,1.0,3.0,1.0,1.0,2.0,1.0
316,4.0,24.0,1.0,9.0,1559.0,1.0,4.0,4.0,3.0,1.0,4.0,3.0,40.0,1.0,2.0,1.0,3.0,2.0,2.0,2.0,1.0
317,3.0,12.0,2.0,3.0,3016.0,1.0,3.0,3.0,4.0,1.0,1.0,3.0,24.0,3.0,2.0,1.0,3.0,2.0,1.0,2.0,1.0
318,4.0,15.0,4.0,3.0,1360.0,1.0,3.0,4.0,3.0,1.0,2.0,2.0,31.0,3.0,2.0,2.0,3.0,2.0,1.0,2.0,1.0
319,4.0,6.0,0.0,0.0,1204.0,2.0,3.0,4.0,3.0,1.0,1.0,4.0,35.0,1.0,1.0,1.0,3.0,2.0,1.0,1.0,1.0
320,4.0,10.0,2.0,0.0,1597.0,3.0,3.0,3.0,3.0,1.0,2.0,4.0,40.0,3.0,1.0,1.0,2.0,1.0,1.0,1.0,1.0
321,4.0,12.0,2.0,3.0,2073.0,2.0,3.0,4.0,2.0,2.0,2.0,1.0,28.0,3.0,2.0,1.0,3.0,2.0,1.0,2.0,1.0
322,4.0,11.0,2.0,9.0,2142.0,4.0,5.0,1.0,1.0,1.0,2.0,1.0,28.0,3.0,2.0,1.0,3.0,2.0,2.0,2.0,1.0
323,1.0,10.0,4.0,2.0,2132.0,5.0,2.0,2.0,2.0,2.0,3.0,1.0,27.0,3.0,1.0,2.0,3.0,2.0,1.0,1.0,1.0
324,4.0,10.0,2.0,0.0,1546.0,1.0,3.0,3.0,3.0,1.0,2.0,1.0,31.0,3.0,2.0,1.0,2.0,1.0,1.0,1.0,1.0
325,4.0,24.0,4.0,0.0,1287.0,4.0,5.0,4.0,2.0,1.0,4.0,1.0,37.0,3.0,2.0,2.0,3.0,2.0,2.0,2.0,1.0
326,4.0,10.0,2.0,0.0,1418.0,2.0,3.0,3.0,3.0,1.0,2.0,1.0,35.0,3.0,1.0,1.0,2.0,2.0,1.0,1.0,1.0
327,3.0,6.0,4.0,0.0,1343.0,1.0,5.0,1.0,3.0,1.0,4.0,1.0,46.0,3.0,2.0,2.0,3.0,1.0,1.0,1.0,1.0
328,4.0,18.0,2.0,0.0,2662.0,5.0,4.0,4.0,3.0,1.0,3.0,2.0,32.0,3.0,2.0,1.0,3.0,2.0,1.0,1.0,1.0
329,4.0,18.0,4.0,3.0,6070.0,1.0,5.0,3.0,3.0,1.0,4.0,3.0,33.0,3.0,2.0,2.0,3.0,2.0,2.0,2.0,1.0
330,4.0,24.0,4.0,6.0,1927.0,5.0,3.0,3.0,2.0,1.0,2.0,3.0,33.0,3.0,2.0,2.0,3.0,2.0,2.0,2.0,1.0
331,4.0,18.0,4.0,3.0,2404.0,1.0,3.0,2.0,2.0,1.0,2.0,3.0,26.0,3.0,2.0,2.0,3.0,2.0,1.0,2.0,1.0
332,4.0,6.0,4.0,3.0,1554.0,1.0,4.0,1.0,2.0,1.0,2.0,3.0,24.0,3.0,1.0,2.0,3.0,2.0,2.0,2.0,1.0
333,4.0,22.0,2.0,0.0,1283.0,5.0,4.0,4.0,2.0,1.0,4.0,2.0,25.0,3.0,1.0,1.0,3.0,2.0,1.0,2.0,1.0
334,4.0,24.0,3.0,0.0,717.0,5.0,5.0,4.0,4.0,1.0,4.0,3.0,54.0,3.0,2.0,2.0,3.0,2.0,2.0,2.0,1.0
335,1.0,24.0,2.0,2.0,1747.0,1.0,2.0,4.0,3.0,2.0,1.0,2.0,24.0,3.0,2.0,1.0,2.0,2.0,1.0,1.0,1.0
336,1.0,9.0,4.0,5.0,1288.0,2.0,5.0,3.0,3.0,3.0,4.0,1.0,48.0,3.0,2.0,2.0,3.0,1.0,1.0,1.0,1.0
337,1.0,10.0,4.0,0.0,1038.0,1.0,4.0,4.0,3.0,2.0,3.0,2.0,49.0,3.0,2.0,2.0,3.0,2.0,2.0,2.0,1.0
338,4.0,10.0,2.0,1.0,2848.0,2.0,3.0,1.0,3.0,2.0,2.0,1.0,32.0,3.0,2.0,1.0,3.0,1.0,1.0,2.0,1.0
339,4.0,12.0,2.0,1.0,1413.0,4.0,4.0,3.0,3.0,1.0,2.0,2.0,55.0,3.0,2.0,1.0,3.0,2.0,1.0,1.0,1.0
340,4.0,30.0,4.0,3.0,3077.0,5.0,5.0,3.0,3.0,1.0,2.0,3.0,40.0,3.0,2.0,2.0,3.0,1.0,2.0,2.0,1.0
341,1.0,24.0,1.0,1.0,3632.0,1.0,3.0,1.0,2.0,3.0,4.0,3.0,22.0,1.0,1.0,1.0,3.0,2.0,1.0,1.0,1.0
342,4.0,18.0,4.0,1.0,3229.0,5.0,1.0,2.0,3.0,1.0,4.0,4.0,38.0,3.0,2.0,1.0,4.0,2.0,2.0,2.0,1.0
343,4.0,9.0,2.0,0.0,3577.0,2.0,3.0,1.0,3.0,3.0,2.0,1.0,26.0,3.0,1.0,1.0,3.0,1.0,1.0,1.0,1.0
344,4.0,12.0,4.0,0.0,682.0,2.0,4.0,4.0,2.0,1.0,3.0,3.0,51.0,3.0,2.0,2.0,3.0,2.0,2.0,2.0,1.0
345,4.0,10.0,2.0,3.0,1924.0,1.0,3.0,1.0,3.0,1.0,4.0,2.0,38.0,3.0,2.0,1.0,3.0,2.0,2.0,1.0,1.0
346,4.0,10.0,2.0,6.0,727.0,3.0,5.0,4.0,3.0,1.0,4.0,4.0,46.0,3.0,3.0,1.0,3.0,2.0,2.0,2.0,1.0
347,3.0,10.0,4.0,0.0,781.0,1.0,5.0,4.0,3.0,1.0,4.0,4.0,63.0,3.0,3.0,2.0,3.0,2.0,2.0,2.0,1.0
348,1.0,12.0,4.0,0.0,2121.0,1.0,3.0,4.0,3.0,1.0,2.0,2.0,30.0,3.0,2.0,2.0,3.0,2.0,1.0,2.0,1.0
349,4.0,12.0,4.0,6.0,701.0,1.0,3.0,4.0,3.0,1.0,2.0,3.0,32.0,3.0,2.0,2.0,3.0,2.0,1.0,2.0,1.0
350,4.0,10.0,4.0,2.0,2069.0,5.0,3.0,2.0,4.0,1.0,1.0,3.0,26.0,3.0,2.0,2.0,3.0,2.0,1.0,1.0,1.0
351,4.0,24.0,2.0,0.0,1525.0,4.0,4.0,4.0,2.0,1.0,3.0,3.0,34.0,3.0,2.0,1.0,3.0,1.0,2.0,2.0,1.0
352,4.0,48.0,4.0,9.0,7629.0,5.0,5.0,4.0,1.0,1.0,2.0,3.0,46.0,1.0,2.0,2.0,4.0,1.0,1.0,2.0,1.0
353,1.0,12.0,4.0,0.0,3499.0,1.0,3.0,3.0,2.0,2.0,2.0,1.0,29.0,3.0,2.0,2.0,3.0,2.0,1.0,2.0,0.0
354,4.0,6.0,2.0,3.0,1346.0,2.0,5.0,2.0,3.0,1.0,4.0,4.0,42.0,1.0,3.0,1.0,3.0,1.0,2.0,2.0,1.0
355,4.0,36.0,4.0,1.0,10477.0,5.0,5.0,2.0,3.0,1.0,4.0,4.0,42.0,3.0,3.0,2.0,3.0,2.0,1.0,2.0,1.0
356,1.0,24.0,2.0,1.0,2924.0,1.0,3.0,3.0,3.0,3.0,4.0,4.0,63.0,1.0,2.0,1.0,3.0,1.0,2.0,2.0,1.0
357,4.0,10.0,4.0,0.0,1231.0,1.0,5.0,3.0,3.0,1.0,4.0,1.0,32.0,3.0,2.0,2.0,2.0,1.0,1.0,1.0,1.0
358,3.0,18.0,2.0,0.0,1961.0,1.0,5.0,3.0,2.0,1.0,2.0,3.0,23.0,3.0,2.0,1.0,4.0,2.0,1.0,2.0,1.0
359,4.0,15.0,4.0,0.0,5045.0,5.0,5.0,1.0,2.0,1.0,4.0,3.0,59.0,3.0,2.0,1.0,3.0,2.0,2.0,2.0,1.0
360,4.0,12.0,4.0,0.0,1255.0,1.0,5.0,4.0,3.0,1.0,4.0,1.0,61.0,3.0,2.0,2.0,2.0,2.0,1.0,2.0,1.0
361,1.0,12.0,2.0,2.0,1858.0,1.0,2.0,4.0,2.0,1.0,1.0,3.0,22.0,3.0,1.0,1.0,3.0,2.0,1.0,2.0,1.0
362,4.0,6.0,4.0,2.0,1221.0,5.0,3.0,1.0,4.0,1.0,2.0,2.0,27.0,3.0,2.0,2.0,3.0,2.0,1.0,2.0,1.0
363,4.0,9.0,2.0,2.0,1388.0,1.0,3.0,4.0,2.0,1.0,2.0,1.0,26.0,3.0,1.0,1.0,3.0,2.0,1.0,2.0,1.0
364,4.0,12.0,2.0,3.0,2279.0,5.0,3.0,4.0,3.0,1.0,4.0,4.0,37.0,3.0,3.0,1.0,3.0,2.0,2.0,2.0,1.0
365,4.0,12.0,0.0,2.0,2759.0,1.0,5.0,2.0,3.0,1.0,4.0,2.0,34.0,3.0,2.0,2.0,3.0,2.0,1.0,2.0,1.0
366,3.0,24.0,2.0,3.0,1258.0,3.0,3.0,3.0,2.0,1.0,3.0,3.0,57.0,3.0,2.0,1.0,2.0,2.0,1.0,2.0,1.0
367,2.0,12.0,0.0,8.0,1410.0,1.0,3.0,2.0,3.0,1.0,2.0,1.0,31.0,3.0,2.0,1.0,2.0,2.0,2.0,2.0,1.0
368,1.0,15.0,2.0,0.0,1403.0,1.0,3.0,2.0,2.0,1.0,4.0,3.0,28.0,3.0,1.0,1.0,3.0,2.0,1.0,2.0,1.0
369,1.0,24.0,2.0,2.0,3021.0,1.0,3.0,2.0,1.0,1.0,2.0,1.0,24.0,3.0,1.0,1.0,2.0,2.0,1.0,2.0,1.0
370,1.0,24.0,2.0,9.0,6568.0,1.0,3.0,2.0,4.0,1.0,2.0,3.0,21.0,2.0,2.0,1.0,2.0,2.0,1.0,2.0,1.0
371,4.0,24.0,4.0,3.0,2578.0,4.0,5.0,2.0,3.0,1.0,2.0,3.0,34.0,3.0,2.0,1.0,3.0,2.0,1.0,2.0,1.0
372,2.0,24.0,4.0,1.0,7758.0,4.0,5.0,2.0,2.0,1.0,4.0,4.0,29.0,3.0,1.0,1.0,3.0,2.0,1.0,2.0,1.0
373,1.0,6.0,2.0,4.0,343.0,1.0,2.0,4.0,2.0,1.0,1.0,1.0,27.0,3.0,2.0,1.0,3.0,2.0,1.0,2.0,1.0
374,4.0,21.0,3.0,2.0,1591.0,2.0,4.0,4.0,3.0,1.0,3.0,1.0,34.0,3.0,2.0,2.0,4.0,2.0,1.0,2.0,1.0
375,1.0,27.0,2.0,3.0,3416.0,1.0,3.0,3.0,3.0,1.0,2.0,3.0,27.0,3.0,2.0,1.0,4.0,2.0,1.0,2.0,1.0
376,1.0,12.0,0.0,5.0,1108.0,1.0,4.0,4.0,3.0,1.0,3.0,1.0,28.0,3.0,2.0,2.0,3.0,2.0,1.0,2.0,0.0
377,2.0,27.0,3.0,1.0,5965.0,1.0,5.0,1.0,3.0,1.0,2.0,3.0,30.0,3.0,2.0,2.0,4.0,2.0,2.0,2.0,1.0
378,2.0,15.0,2.0,5.0,1514.0,2.0,3.0,4.0,3.0,3.0,2.0,1.0,22.0,3.0,2.0,1.0,3.0,2.0,1.0,2.0,1.0
379,4.0,30.0,4.0,3.0,6742.0,5.0,4.0,2.0,3.0,1.0,3.0,2.0,36.0,3.0,2.0,2.0,3.0,2.0,1.0,2.0,1.0
380,1.0,18.0,2.0,2.0,3650.0,1.0,2.0,1.0,2.0,1.0,4.0,3.0,22.0,3.0,1.0,1.0,3.0,2.0,1.0,2.0,1.0
381,1.0,21.0,2.0,2.0,3599.0,1.0,4.0,1.0,2.0,1.0,4.0,3.0,26.0,3.0,1.0,1.0,2.0,2.0,1.0,2.0,1.0
382,4.0,60.0,4.0,0.0,13756.0,5.0,5.0,2.0,3.0,1.0,4.0,4.0,63.0,1.0,3.0,1.0,4.0,2.0,2.0,2.0,1.0
383,2.0,9.0,2.0,0.0,276.0,1.0,3.0,4.0,4.0,1.0,4.0,1.0,22.0,3.0,1.0,1.0,2.0,2.0,1.0,2.0,1.0
384,4.0,42.0,4.0,2.0,4041.0,3.0,3.0,4.0,3.0,1.0,4.0,1.0,36.0,3.0,2.0,2.0,3.0,2.0,2.0,2.0,1.0
385,2.0,9.0,2.0,3.0,458.0,1.0,3.0,4.0,3.0,1.0,3.0,1.0,24.0,3.0,2.0,1.0,3.0,2.0,1.0,2.0,1.0
386,2.0,9.0,2.0,2.0,918.0,1.0,3.0,4.0,2.0,1.0,1.0,2.0,30.0,3.0,2.0,1.0,3.0,2.0,1.0,2.0,0.0
387,4.0,24.0,2.0,0.0,7393.0,1.0,3.0,1.0,3.0,1.0,4.0,2.0,43.0,3.0,2.0,1.0,2.0,1.0,1.0,2.0,1.0
388,3.0,10.0,2.0,4.0,1225.0,1.0,3.0,2.0,3.0,1.0,2.0,3.0,37.0,3.0,2.0,1.0,3.0,2.0,2.0,2.0,1.0
389,1.0,24.0,2.0,1.0,2812.0,5.0,5.0,2.0,2.0,1.0,4.0,1.0,26.0,3.0,1.0,1.0,3.0,2.0,1.0,2.0,1.0
390,4.0,15.0,2.0,1.0,3029.0,1.0,4.0,2.0,3.0,1.0,2.0,3.0,33.0,3.0,2.0,1.0,3.0,2.0,1.0,2.0,1.0
391,3.0,12.0,4.0,0.0,1480.0,3.0,1.0,2.0,3.0,1.0,4.0,4.0,66.0,1.0,3.0,3.0,1.0,2.0,1.0,2.0,1.0
392,3.0,6.0,4.0,6.0,1047.0,1.0,3.0,2.0,2.0,1.0,4.0,2.0,50.0,3.0,2.0,1.0,2.0,2.0,1.0,2.0,1.0
393,4.0,15.0,4.0,3.0,1471.0,1.0,3.0,4.0,3.0,1.0,4.0,4.0,35.0,3.0,3.0,2.0,3.0,2.0,2.0,2.0,1.0
394,4.0,24.0,2.0,2.0,5511.0,2.0,3.0,4.0,3.0,1.0,1.0,3.0,25.0,2.0,2.0,1.0,3.0,2.0,1.0,2.0,1.0
395,2.0,9.0,2.0,3.0,1206.0,1.0,5.0,4.0,2.0,1.0,4.0,1.0,25.0,3.0,2.0,1.0,3.0,2.0,1.0,2.0,1.0
396,2.0,24.0,3.0,3.0,6403.0,1.0,2.0,1.0,3.0,1.0,2.0,3.0,33.0,3.0,2.0,1.0,3.0,2.0,1.0,2.0,1.0
397,4.0,12.0,2.0,3.0,707.0,1.0,3.0,4.0,3.0,1.0,2.0,1.0,30.0,1.0,2.0,2.0,3.0,2.0,1.0,2.0,1.0
398,4.0,12.0,3.0,1.0,1503.0,1.0,3.0,4.0,4.0,1.0,4.0,1.0,41.0,3.0,1.0,1.0,3.0,2.0,1.0,2.0,1.0
399,2.0,12.0,2.0,0.0,6078.0,1.0,4.0,2.0,3.0,1.0,2.0,3.0,32.0,3.0,2.0,1.0,3.0,2.0,1.0,2.0,1.0
400,2.0,27.0,2.0,9.0,2528.0,1.0,2.0,4.0,2.0,1.0,1.0,2.0,32.0,3.0,2.0,1.0,3.0,1.0,2.0,2.0,1.0
401,2.0,12.0,2.0,9.0,1037.0,2.0,4.0,3.0,3.0,1.0,4.0,1.0,39.0,3.0,2.0,1.0,2.0,2.0,1.0,2.0,1.0
402,1.0,6.0,2.0,1.0,1352.0,3.0,1.0,1.0,2.0,1.0,2.0,2.0,23.0,3.0,1.0,1.0,1.0,2.0,2.0,2.0,1.0
403,4.0,24.0,2.0,3.0,3181.0,1.0,2.0,4.0,2.0,1.0,4.0,2.0,26.0,3.0,2.0,1.0,3.0,2.0,2.0,2.0,1.0
404,4.0,18.0,2.0,3.0,4594.0,1.0,2.0,3.0,3.0,1.0,2.0,3.0,32.0,3.0,2.0,1.0,3.0,2.0,2.0,2.0,1.0
405,2.0,48.0,2.0,10.0,5381.0,5.0,1.0,3.0,3.0,1.0,4.0,4.0,40.0,1.0,3.0,1.0,1.0,2.0,2.0,2.0,1.0
406,4.0,15.0,2.0,1.0,4657.0,1.0,3.0,3.0,3.0,1.0,2.0,3.0,30.0,3.0,2.0,1.0,3.0,2.0,2.0,2.0,1.0
407,2.0,9.0,2.0,9.0,1391.0,1.0,3.0,2.0,4.0,1.0,1.0,1.0,27.0,1.0,2.0,1.0,3.0,2.0,2.0,2.0,1.0
408,2.0,18.0,2.0,9.0,1913.0,4.0,2.0,3.0,4.0,1.0,3.0,1.0,36.0,1.0,2.0,1.0,3.0,2.0,2.0,2.0,1.0
409,4.0,42.0,2.0,3.0,7166.0,5.0,4.0,2.0,4.0,1.0,4.0,2.0,29.0,3.0,1.0,1.0,3.0,2.0,2.0,2.0,1.0
410,4.0,13.0,2.0,3.0,1409.0,2.0,1.0,2.0,2.0,1.0,4.0,1.0,64.0,3.0,2.0,1.0,3.0,2.0,1.0,2.0,1.0
411,4.0,24.0,3.0,9.0,2978.0,5.0,3.0,4.0,3.0,1.0,4.0,1.0,32.0,3.0,2.0,2.0,3.0,1.0,2.0,2.0,1.0
412,4.0,12.0,4.0,3.0,976.0,5.0,5.0,4.0,3.0,1.0,4.0,3.0,35.0,3.0,2.0,2.0,3.0,2.0,1.0,2.0,1.0
413,4.0,24.0,3.0,9.0,2375.0,3.0,3.0,4.0,3.0,1.0,2.0,3.0,44.0,3.0,2.0,2.0,3.0,1.0,2.0,2.0,1.0
414,4.0,12.0,4.0,3.0,522.0,3.0,5.0,4.0,3.0,1.0,4.0,2.0,42.0,3.0,2.0,2.0,3.0,1.0,2.0,2.0,1.0
415,4.0,28.0,4.0,3.0,2743.0,1.0,5.0,4.0,3.0,1.0,2.0,3.0,29.0,3.0,2.0,2.0,3.0,2.0,1.0,2.0,1.0
416,4.0,11.0,4.0,3.0,1154.0,2.0,1.0,4.0,2.0,1.0,4.0,1.0,57.0,3.0,2.0,3.0,2.0,2.0,1.0,2.0,1.0
417,4.0,24.0,4.0,1.0,5804.0,4.0,3.0,4.0,3.0,1.0,2.0,1.0,27.0,3.0,2.0,2.0,3.0,2.0,1.0,2.0,1.0
418,4.0,18.0,4.0,3.0,1169.0,5.0,3.0,4.0,3.0,1.0,3.0,2.0,29.0,3.0,2.0,2.0,3.0,2.0,2.0,2.0,1.0
419,1.0,15.0,4.0,2.0,1478.0,1.0,5.0,4.0,3.0,1.0,4.0,3.0,44.0,3.0,2.0,2.0,3.0,1.0,2.0,2.0,1.0
420,4.0,12.0,2.0,3.0,776.0,1.0,3.0,4.0,4.0,1.0,2.0,1.0,28.0,3.0,2.0,1.0,3.0,2.0,1.0,2.0,1.0
421,2.0,11.0,4.0,0.0,1322.0,4.0,3.0,4.0,2.0,1.0,4.0,3.0,40.0,3.0,2.0,2.0,3.0,2.0,1.0,2.0,1.0
422,2.0,16.0,4.0,0.0,1175.0,1.0,1.0,2.0,3.0,1.0,3.0,3.0,68.0,3.0,3.0,3.0,1.0,2.0,2.0,2.0,1.0
423,4.0,12.0,2.0,0.0,2133.0,5.0,5.0,4.0,2.0,1.0,4.0,4.0,52.0,3.0,3.0,1.0,4.0,2.0,2.0,2.0,1.0
424,4.0,15.0,4.0,3.0,1829.0,1.0,5.0,4.0,3.0,1.0,4.0,3.0,46.0,3.0,2.0,2.0,3.0,2.0,2.0,2.0,1.0
425,4.0,12.0,4.0,3.0,717.0,1.0,5.0,4.0,3.0,1.0,4.0,1.0,52.0,3.0,2.0,3.0,3.0,2.0,1.0,2.0,1.0
426,2.0,39.0,3.0,6.0,11760.0,2.0,4.0,2.0,3.0,1.0,3.0,4.0,32.0,3.0,1.0,1.0,3.0,2.0,2.0,2.0,1.0
427,2.0,9.0,4.0,6.0,1501.0,1.0,5.0,2.0,2.0,1.0,3.0,3.0,34.0,3.0,2.0,2.0,4.0,2.0,2.0,2.0,0.0
428,1.0,12.0,2.0,6.0,1200.0,5.0,3.0,4.0,2.0,1.0,4.0,2.0,23.0,1.0,1.0,1.0,3.0,2.0,2.0,2.0,1.0
429,2.0,9.0,2.0,0.0,3195.0,5.0,3.0,1.0,2.0,1.0,2.0,1.0,33.0,3.0,2.0,1.0,2.0,2.0,1.0,2.0,1.0
430,4.0,30.0,4.0,3.0,4530.0,1.0,4.0,4.0,2.0,1.0,4.0,3.0,26.0,3.0,1.0,1.0,4.0,2.0,2.0,2.0,1.0
431,4.0,12.0,3.0,5.0,1555.0,4.0,5.0,4.0,3.0,1.0,4.0,4.0,55.0,3.0,3.0,2.0,3.0,1.0,1.0,2.0,0.0
432,2.0,15.0,4.0,9.0,2326.0,3.0,3.0,2.0,3.0,1.0,4.0,3.0,27.0,1.0,2.0,1.0,3.0,2.0,1.0,2.0,1.0
433,2.0,18.0,4.0,9.0,1887.0,5.0,3.0,4.0,4.0,1.0,4.0,1.0,28.0,1.0,2.0,2.0,3.0,2.0,1.0,2.0,1.0
434,4.0,12.0,4.0,9.0,1264.0,5.0,5.0,4.0,3.0,1.0,4.0,4.0,57.0,3.0,1.0,1.0,2.0,2.0,1.0,2.0,1.0
435,4.0,7.0,3.0,3.0,846.0,5.0,5.0,3.0,3.0,1.0,4.0,4.0,36.0,3.0,3.0,1.0,3.0,2.0,1.0,2.0,1.0
436,4.0,15.0,4.0,6.0,1532.0,2.0,3.0,4.0,2.0,1.0,3.0,3.0,31.0,3.0,2.0,1.0,3.0,2.0,1.0,2.0,1.0
437,4.0,6.0,3.0,3.0,935.0,1.0,3.0,3.0,2.0,1.0,2.0,1.0,24.0,3.0,2.0,1.0,3.0,2.0,1.0,2.0,1.0
438,1.0,27.0,4.0,9.0,2442.0,1.0,5.0,4.0,3.0,1.0,4.0,3.0,43.0,2.0,2.0,4.0,4.0,1.0,2.0,2.0,1.0
439,2.0,18.0,4.0,9.0,3590.0,1.0,1.0,3.0,4.0,1.0,3.0,3.0,40.0,3.0,2.0,3.0,1.0,1.0,2.0,2.0,1.0
440,4.0,21.0,4.0,2.0,2288.0,1.0,2.0,4.0,2.0,1.0,4.0,2.0,23.0,3.0,2.0,1.0,3.0,2.0,2.0,2.0,1.0
441,4.0,27.0,3.0,9.0,5117.0,1.0,4.0,3.0,3.0,1.0,4.0,3.0,26.0,3.0,2.0,2.0,3.0,2.0,1.0,2.0,1.0
442,1.0,39.0,4.0,2.0,14179.0,5.0,4.0,4.0,3.0,1.0,4.0,2.0,30.0,3.0,2.0,2.0,4.0,2.0,2.0,2.0,1.0
443,4.0,15.0,2.0,3.0,1386.0,5.0,3.0,4.0,4.0,1.0,2.0,1.0,40.0,3.0,1.0,1.0,3.0,2.0,2.0,2.0,1.0
444,4.0,12.0,4.0,3.0,618.0,1.0,5.0,4.0,3.0,1.0,4.0,1.0,56.0,3.0,2.0,1.0,3.0,2.0,1.0,2.0,1.0
445,4.0,12.0,2.0,2.0,1574.0,1.0,3.0,4.0,3.0,1.0,2.0,1.0,50.0,3.0,2.0,1.0,3.0,2.0,1.0,2.0,1.0
446,4.0,6.0,4.0,3.0,700.0,5.0,5.0,4.0,3.0,1.0,4.0,4.0,36.0,3.0,3.0,2.0,3.0,2.0,1.0,2.0,1.0
447,4.0,12.0,2.0,3.0,886.0,5.0,3.0,4.0,2.0,1.0,2.0,3.0,21.0,3.0,2.0,1.0,3.0,2.0,1.0,2.0,1.0
448,4.0,36.0,2.0,1.0,4686.0,1.0,3.0,2.0,3.0,1.0,2.0,4.0,32.0,3.0,3.0,1.0,4.0,2.0,2.0,2.0,1.0
449,2.0,9.0,2.0,3.0,790.0,3.0,3.0,4.0,2.0,1.0,3.0,1.0,66.0,3.0,2.0,1.0,2.0,2.0,1.0,2.0,1.0
450,2.0,12.0,2.0,3.0,766.0,3.0,3.0,4.0,3.0,1.0,3.0,1.0,66.0,3.0,2.0,1.0,2.0,2.0,1.0,2.0,0.0
451,1.0,20.0,2.0,2.0,2212.0,5.0,4.0,4.0,3.0,1.0,4.0,3.0,39.0,3.0,2.0,1.0,3.0,2.0,2.0,2.0,1.0
452,2.0,10.0,2.0,0.0,7308.0,1.0,1.0,2.0,3.0,1.0,4.0,4.0,70.0,1.0,3.0,1.0,4.0,2.0,2.0,2.0,1.0
453,2.0,24.0,4.0,6.0,5743.0,1.0,2.0,2.0,2.0,1.0,4.0,4.0,24.0,3.0,3.0,2.0,3.0,2.0,2.0,2.0,1.0
454,1.0,14.0,2.0,0.0,3973.0,1.0,1.0,1.0,3.0,1.0,4.0,4.0,22.0,3.0,3.0,1.0,3.0,2.0,1.0,2.0,1.0
455,2.0,60.0,3.0,3.0,7418.0,5.0,3.0,1.0,3.0,1.0,1.0,1.0,27.0,3.0,2.0,1.0,2.0,2.0,1.0,2.0,1.0
456,2.0,20.0,3.0,10.0,2629.0,1.0,3.0,2.0,3.0,1.0,3.0,3.0,29.0,1.0,2.0,2.0,3.0,2.0,2.0,2.0,1.0
457,2.0,18.0,2.0,9.0,1941.0,4.0,3.0,4.0,3.0,1.0,2.0,2.0,35.0,3.0,2.0,1.0,2.0,2.0,2.0,2.0,1.0
458,2.0,24.0,3.0,2.0,2333.0,5.0,2.0,4.0,3.0,1.0,2.0,2.0,29.0,1.0,2.0,1.0,2.0,2.0,1.0,2.0,1.0
459,4.0,12.0,2.0,1.0,2445.0,5.0,2.0,2.0,4.0,1.0,4.0,3.0,26.0,3.0,1.0,1.0,3.0,2.0,2.0,2.0,1.0
460,2.0,20.0,2.0,1.0,6468.0,5.0,1.0,1.0,1.0,1.0,4.0,1.0,60.0,3.0,2.0,1.0,4.0,2.0,2.0,2.0,1.0
461,2.0,18.0,4.0,2.0,7374.0,1.0,1.0,4.0,3.0,1.0,4.0,2.0,40.0,2.0,2.0,2.0,4.0,2.0,2.0,2.0,1.0
462,4.0,15.0,2.0,1.0,3812.0,2.0,2.0,1.0,2.0,1.0,4.0,3.0,23.0,3.0,2.0,1.0,3.0,2.0,2.0,2.0,1.0
463,1.0,28.0,2.0,0.0,4006.0,1.0,3.0,3.0,3.0,1.0,2.0,3.0,45.0,3.0,2.0,1.0,2.0,2.0,1.0,2.0,0.0
464,2.0,12.0,2.0,0.0,7472.0,5.0,1.0,1.0,2.0,1.0,2.0,1.0,24.0,3.0,1.0,1.0,1.0,2.0,1.0,2.0,1.0
465,3.0,12.0,2.0,2.0,1424.0,5.0,5.0,3.0,2.0,1.0,4.0,1.0,55.0,3.0,2.0,1.0,4.0,2.0,2.0,2.0,1.0
466,2.0,12.0,2.0,1.0,2028.0,5.0,3.0,4.0,3.0,1.0,2.0,3.0,30.0,3.0,2.0,1.0,3.0,2.0,1.0,2.0,1.0
467,4.0,15.0,2.0,0.0,5324.0,3.0,5.0,1.0,2.0,1.0,4.0,4.0,35.0,3.0,3.0,1.0,3.0,2.0,1.0,2.0,1.0
468,2.0,36.0,2.0,3.0,2323.0,1.0,4.0,4.0,3.0,1.0,4.0,3.0,24.0,3.0,1.0,1.0,3.0,2.0,1.0,2.0,1.0
469,4.0,12.0,2.0,6.0,1393.0,1.0,5.0,4.0,3.0,1.0,4.0,2.0,47.0,1.0,2.0,3.0,3.0,1.0,2.0,2.0,1.0
470,4.0,18.0,2.0,2.0,1984.0,1.0,3.0,4.0,3.0,1.0,4.0,4.0,47.0,1.0,3.0,2.0,3.0,2.0,1.0,2.0,1.0
471,4.0,24.0,2.0,3.0,999.0,5.0,5.0,4.0,3.0,1.0,2.0,3.0,25.0,3.0,2.0,2.0,3.0,2.0,1.0,2.0,1.0
472,4.0,36.0,2.0,9.0,7409.0,5.0,5.0,3.0,3.0,1.0,2.0,2.0,37.0,3.0,2.0,2.0,3.0,2.0,1.0,2.0,1.0
473,4.0,15.0,2.0,2.0,2186.0,5.0,4.0,1.0,2.0,1.0,4.0,1.0,33.0,1.0,1.0,1.0,2.0,2.0,1.0,2.0,1.0
474,3.0,36.0,2.0,3.0,4473.0,1.0,5.0,4.0,3.0,1.0,2.0,3.0,31.0,3.0,2.0,1.0,3.0,2.0,1.0,2.0,1.0
475,4.0,24.0,2.0,8.0,937.0,1.0,2.0,4.0,4.0,1.0,3.0,3.0,27.0,3.0,2.0,2.0,2.0,2.0,1.0,2.0,1.0
476,4.0,18.0,2.0,2.0,3422.0,1.0,5.0,4.0,3.0,1.0,4.0,2.0,47.0,1.0,2.0,3.0,3.0,1.0,2.0,2.0,1.0
477,4.0,24.0,2.0,3.0,3105.0,5.0,2.0,4.0,3.0,1.0,2.0,3.0,25.0,3.0,2.0,2.0,3.0,2.0,1.0,2.0,1.0
478,4.0,12.0,4.0,6.0,2748.0,1.0,5.0,2.0,2.0,1.0,4.0,4.0,57.0,1.0,3.0,3.0,2.0,2.0,1.0,2.0,1.0
479,2.0,18.0,2.0,5.0,3872.0,1.0,1.0,2.0,2.0,1.0,4.0,3.0,67.0,3.0,2.0,1.0,3.0,2.0,2.0,2.0,1.0
480,4.0,27.0,2.0,5.0,5190.0,5.0,5.0,4.0,3.0,1.0,4.0,2.0,48.0,3.0,2.0,4.0,3.0,1.0,2.0,2.0,1.0
481,2.0,18.0,2.0,2.0,3001.0,1.0,4.0,2.0,2.0,1.0,4.0,1.0,40.0,3.0,1.0,1.0,3.0,2.0,1.0,2.0,1.0
482,4.0,24.0,3.0,9.0,3863.0,1.0,3.0,1.0,3.0,1.0,2.0,4.0,32.0,3.0,3.0,1.0,3.0,2.0,1.0,2.0,1.0
483,4.0,12.0,4.0,2.0,5801.0,5.0,5.0,2.0,3.0,1.0,4.0,2.0,49.0,3.0,1.0,1.0,3.0,2.0,2.0,1.0,1.0
484,4.0,12.0,4.0,2.0,1592.0,4.0,4.0,3.0,2.0,1.0,2.0,2.0,35.0,3.0,2.0,1.0,3.0,2.0,1.0,2.0,1.0
485,4.0,12.0,4.0,9.0,1185.0,1.0,3.0,3.0,2.0,1.0,2.0,1.0,27.0,3.0,2.0,2.0,3.0,2.0,1.0,2.0,1.0
486,4.0,18.0,4.0,2.0,3780.0,1.0,2.0,3.0,1.0,1.0,2.0,3.0,35.0,3.0,2.0,2.0,4.0,2.0,2.0,2.0,1.0
487,2.0,18.0,4.0,2.0,3612.0,1.0,5.0,3.0,2.0,1.0,4.0,2.0,37.0,3.0,2.0,1.0,3.0,2.0,2.0,1.0,1.0
488,4.0,12.0,2.0,9.0,1076.0,1.0,3.0,2.0,4.0,1.0,2.0,1.0,26.0,3.0,2.0,1.0,3.0,2.0,2.0,2.0,1.0
489,4.0,12.0,2.0,0.0,3527.0,5.0,2.0,2.0,3.0,1.0,3.0,2.0,45.0,3.0,2.0,1.0,4.0,1.0,2.0,2.0,1.0
490,4.0,18.0,2.0,3.0,2051.0,1.0,2.0,4.0,3.0,1.0,1.0,1.0,33.0,3.0,2.0,1.0,3.0,2.0,1.0,2.0,1.0
491,4.0,12.0,4.0,2.0,3331.0,1.0,5.0,2.0,3.0,1.0,4.0,2.0,42.0,2.0,2.0,1.0,3.0,2.0,1.0,2.0,1.0
492,1.0,18.0,0.0,9.0,3104.0,1.0,4.0,3.0,3.0,1.0,1.0,2.0,31.0,1.0,2.0,1.0,3.0,2.0,2.0,2.0,1.0
493,4.0,24.0,4.0,3.0,2611.0,1.0,5.0,4.0,4.0,2.0,3.0,1.0,46.0,3.0,2.0,2.0,3.0,2.0,1.0,2.0,1.0
494,1.0,12.0,4.0,1.0,1409.0,1.0,5.0,4.0,3.0,1.0,3.0,1.0,54.0,3.0,2.0,1.0,3.0,2.0,1.0,2.0,1.0
495,4.0,24.0,2.0,3.0,1311.0,2.0,4.0,4.0,4.0,1.0,3.0,2.0,26.0,3.0,2.0,1.0,3.0,2.0,2.0,2.0,1.0
496,4.0,6.0,2.0,3.0,2108.0,1.0,4.0,2.0,4.0,1.0,2.0,1.0,29.0,3.0,1.0,1.0,3.0,2.0,1.0,2.0,1.0
497,4.0,24.0,4.0,1.0,4042.0,5.0,4.0,3.0,3.0,1.0,4.0,2.0,43.0,3.0,2.0,2.0,3.0,2.0,2.0,2.0,1.0
498,4.0,12.0,4.0,0.0,926.0,1.0,1.0,1.0,2.0,1.0,2.0,2.0,38.0,3.0,2.0,1.0,1.0,2.0,1.0,2.0,1.0
499,1.0,12.0,2.0,3.0,1680.0,3.0,5.0,3.0,4.0,1.0,1.0,1.0,35.0,3.0,2.0,1.0,3.0,2.0,1.0,2.0,1.0
500,4.0,24.0,2.0,0.0,1249.0,1.0,2.0,4.0,4.0,1.0,2.0,1.0,28.0,3.0,2.0,1.0,3.0,2.0,1.0,2.0,1.0
501,4.0,24.0,4.0,0.0,2463.0,2.0,4.0,4.0,4.0,1.0,3.0,2.0,27.0,3.0,2.0,2.0,3.0,2.0,2.0,2.0,1.0
502,4.0,6.0,2.0,3.0,1595.0,1.0,4.0,3.0,3.0,1.0,2.0,2.0,51.0,3.0,2.0,1.0,3.0,1.0,1.0,2.0,1.0
503,4.0,24.0,4.0,5.0,2058.0,1.0,3.0,4.0,1.0,1.0,2.0,1.0,33.0,3.0,2.0,2.0,3.0,2.0,2.0,2.0,1.0
504,4.0,24.0,2.0,1.0,7814.0,1.0,4.0,3.0,3.0,1.0,3.0,3.0,38.0,3.0,2.0,1.0,4.0,2.0,2.0,2.0,1.0
505,4.0,6.0,4.0,3.0,1740.0,1.0,5.0,2.0,4.0,1.0,2.0,1.0,30.0,3.0,1.0,2.0,3.0,2.0,1.0,2.0,1.0
506,4.0,12.0,4.0,3.0,1240.0,5.0,5.0,4.0,2.0,1.0,2.0,1.0,38.0,3.0,2.0,2.0,3.0,2.0,2.0,2.0,1.0
507,4.0,24.0,4.0,1.0,6842.0,5.0,3.0,2.0,3.0,1.0,4.0,2.0,46.0,3.0,2.0,2.0,4.0,1.0,2.0,2.0,1.0
508,4.0,24.0,4.0,2.0,5150.0,1.0,5.0,4.0,3.0,1.0,4.0,3.0,33.0,3.0,2.0,1.0,3.0,2.0,2.0,2.0,1.0
509,1.0,6.0,2.0,0.0,1203.0,2.0,5.0,3.0,3.0,1.0,2.0,2.0,43.0,3.0,2.0,1.0,3.0,2.0,2.0,2.0,1.0
510,4.0,6.0,4.0,0.0,2080.0,3.0,3.0,1.0,4.0,1.0,2.0,3.0,24.0,3.0,2.0,1.0,3.0,2.0,1.0,2.0,1.0
511,4.0,6.0,2.0,6.0,1538.0,1.0,2.0,1.0,2.0,1.0,2.0,4.0,56.0,3.0,2.0,1.0,3.0,2.0,1.0,2.0,1.0
512,2.0,24.0,4.0,0.0,3878.0,2.0,2.0,4.0,1.0,1.0,2.0,3.0,37.0,3.0,2.0,1.0,3.0,2.0,2.0,2.0,1.0
513,2.0,30.0,2.0,2.0,3832.0,1.0,2.0,2.0,4.0,1.0,1.0,2.0,22.0,3.0,2.0,1.0,3.0,2.0,1.0,2.0,1.0
514,4.0,15.0,2.0,0.0,3186.0,4.0,4.0,2.0,2.0,1.0,3.0,3.0,20.0,3.0,1.0,1.0,3.0,2.0,1.0,2.0,1.0
515,2.0,24.0,2.0,3.0,2896.0,2.0,2.0,2.0,3.0,1.0,1.0,3.0,29.0,3.0,2.0,1.0,3.0,2.0,1.0,2.0,1.0
516,2.0,24.0,3.0,9.0,6967.0,2.0,4.0,4.0,3.0,1.0,4.0,3.0,36.0,3.0,1.0,1.0,4.0,2.0,2.0,2.0,1.0
517,4.0,36.0,2.0,6.0,1819.0,1.0,3.0,4.0,3.0,1.0,4.0,4.0,37.0,2.0,3.0,1.0,3.0,2.0,2.0,2.0,0.0
518,4.0,24.0,2.0,3.0,5943.0,5.0,2.0,1.0,2.0,1.0,1.0,3.0,44.0,3.0,2.0,2.0,3.0,2.0,2.0,2.0,0.0
519,4.0,36.0,4.0,2.0,7127.0,1.0,2.0,2.0,2.0,1.0,4.0,2.0,23.0,3.0,1.0,2.0,3.0,2.0,2.0,2.0,0.0
520,4.0,36.0,2.0,2.0,3349.0,1.0,3.0,4.0,2.0,1.0,2.0,3.0,28.0,3.0,2.0,1.0,4.0,2.0,2.0,2.0,0.0
521,4.0,36.0,2.0,2.0,10974.0,1.0,1.0,4.0,2.0,1.0,2.0,3.0,26.0,3.0,2.0,2.0,4.0,2.0,2.0,2.0,0.0
522,4.0,6.0,2.0,3.0,518.0,1.0,3.0,3.0,2.0,1.0,1.0,1.0,29.0,3.0,2.0,1.0,3.0,2.0,1.0,2.0,1.0
523,4.0,18.0,2.0,3.0,1126.0,5.0,2.0,4.0,2.0,1.0,2.0,1.0,21.0,3.0,1.0,1.0,3.0,2.0,2.0,2.0,1.0
524,2.0,12.0,4.0,1.0,1860.0,1.0,1.0,4.0,3.0,1.0,2.0,3.0,34.0,3.0,2.0,2.0,4.0,2.0,2.0,2.0,1.0
525,4.0,36.0,4.0,3.0,9566.0,1.0,3.0,2.0,2.0,1.0,2.0,3.0,31.0,2.0,2.0,2.0,3.0,2.0,1.0,2.0,1.0
526,1.0,12.0,2.0,3.0,701.0,1.0,3.0,4.0,4.0,1.0,2.0,1.0,40.0,3.0,2.0,1.0,2.0,2.0,1.0,2.0,1.0
527,2.0,12.0,2.0,3.0,2930.0,1.0,4.0,2.0,2.0,1.0,1.0,1.0,27.0,3.0,2.0,1.0,3.0,2.0,1.0,2.0,1.0
528,4.0,18.0,2.0,3.0,1505.0,1.0,3.0,4.0,3.0,1.0,2.0,4.0,32.0,3.0,3.0,1.0,4.0,2.0,2.0,2.0,1.0
529,4.0,18.0,4.0,3.0,2238.0,1.0,3.0,2.0,2.0,1.0,1.0,3.0,25.0,3.0,2.0,2.0,3.0,2.0,1.0,2.0,1.0
530,4.0,4.0,4.0,3.0,1503.0,1.0,4.0,2.0,3.0,1.0,1.0,1.0,42.0,3.0,2.0,2.0,2.0,1.0,1.0,2.0,1.0
531,4.0,24.0,4.0,1.0,2197.0,5.0,4.0,4.0,3.0,1.0,4.0,3.0,43.0,3.0,2.0,2.0,3.0,1.0,2.0,2.0,1.0
532,3.0,12.0,2.0,3.0,1881.0,1.0,3.0,2.0,2.0,1.0,2.0,3.0,44.0,3.0,1.0,1.0,2.0,2.0,2.0,2.0,1.0
533,1.0,18.0,4.0,3.0,1880.0,1.0,4.0,4.0,4.0,1.0,1.0,2.0,32.0,3.0,2.0,2.0,4.0,2.0,2.0,2.0,1.0
534,1.0,18.0,2.0,3.0,2389.0,1.0,2.0,4.0,2.0,1.0,1.0,3.0,27.0,2.0,2.0,1.0,3.0,2.0,1.0,2.0,1.0
535,2.0,24.0,2.0,3.0,1967.0,1.0,5.0,4.0,2.0,1.0,4.0,3.0,20.0,3.0,2.0,1.0,3.0,2.0,2.0,2.0,1.0
536,4.0,4.0,4.0,0.0,3380.0,1.0,4.0,1.0,2.0,1.0,1.0,1.0,37.0,3.0,2.0,1.0,3.0,1.0,1.0,2.0,1.0
537,4.0,4.0,4.0,0.0,1455.0,1.0,4.0,2.0,3.0,1.0,1.0,1.0,42.0,3.0,2.0,3.0,2.0,1.0,1.0,2.0,1.0
538,4.0,7.0,4.0,3.0,730.0,5.0,5.0,4.0,3.0,1.0,2.0,2.0,46.0,3.0,1.0,2.0,2.0,2.0,2.0,2.0,1.0
539,2.0,18.0,0.0,2.0,3244.0,1.0,3.0,1.0,2.0,1.0,4.0,3.0,33.0,1.0,2.0,2.0,3.0,2.0,2.0,2.0,1.0
540,2.0,9.0,2.0,3.0,1670.0,1.0,2.0,4.0,2.0,1.0,2.0,3.0,22.0,3.0,2.0,1.0,3.0,2.0,2.0,2.0,0.0
541,2.0,48.0,2.0,3.0,3979.0,5.0,4.0,4.0,3.0,1.0,1.0,3.0,41.0,3.0,2.0,2.0,3.0,1.0,2.0,2.0,1.0
542,2.0,12.0,2.0,2.0,1922.0,1.0,3.0,4.0,3.0,1.0,2.0,2.0,37.0,3.0,2.0,1.0,2.0,2.0,1.0,2.0,0.0
543,2.0,18.0,4.0,2.0,1295.0,1.0,2.0,4.0,2.0,1.0,1.0,2.0,27.0,3.0,2.0,2.0,3.0,2.0,1.0,2.0,1.0
544,4.0,4.0,4.0,3.0,1544.0,1.0,4.0,2.0,3.0,1.0,1.0,1.0,42.0,3.0,2.0,3.0,2.0,1.0,1.0,2.0,1.0
545,2.0,8.0,2.0,9.0,907.0,1.0,2.0,3.0,4.0,1.0,2.0,1.0,26.0,3.0,2.0,1.0,3.0,2.0,2.0,2.0,1.0
546,2.0,30.0,2.0,3.0,1715.0,5.0,3.0,4.0,2.0,1.0,1.0,3.0,26.0,3.0,2.0,1.0,3.0,2.0,1.0,2.0,1.0
547,3.0,10.0,4.0,3.0,1347.0,5.0,4.0,4.0,3.0,1.0,2.0,2.0,27.0,3.0,2.0,2.0,3.0,2.0,2.0,2.0,1.0
548,2.0,12.0,2.0,0.0,1007.0,4.0,3.0,4.0,4.0,1.0,1.0,1.0,22.0,3.0,2.0,1.0,3.0,2.0,1.0,2.0,1.0
549,4.0,12.0,4.0,2.0,1402.0,3.0,4.0,3.0,2.0,1.0,4.0,3.0,37.0,3.0,1.0,1.0,3.0,2.0,2.0,2.0,1.0
550,2.0,12.0,2.0,0.0,2002.0,1.0,4.0,3.0,3.0,1.0,4.0,2.0,30.0,3.0,1.0,1.0,3.0,1.0,2.0,2.0,1.0
551,4.0,12.0,4.0,6.0,2096.0,1.0,4.0,2.0,3.0,1.0,3.0,1.0,49.0,3.0,2.0,1.0,2.0,1.0,1.0,2.0,1.0
552,4.0,12.0,2.0,0.0,1101.0,1.0,3.0,3.0,4.0,1.0,2.0,1.0,27.0,3.0,2.0,2.0,3.0,2.0,2.0,2.0,1.0
553,4.0,10.0,2.0,8.0,894.0,5.0,4.0,4.0,2.0,1.0,3.0,2.0,40.0,3.0,2.0,1.0,3.0,2.0,2.0,2.0,1.0
554,2.0,11.0,2.0,2.0,1577.0,4.0,2.0,4.0,2.0,1.0,1.0,1.0,20.0,3.0,2.0,1.0,3.0,2.0,1.0,2.0,1.0
555,4.0,33.0,3.0,9.0,2764.0,1.0,3.0,2.0,2.0,1.0,2.0,3.0,26.0,3.0,2.0,2.0,3.0,2.0,2.0,2.0,1.0
556,2.0,48.0,0.0,0.0,8358.0,3.0,2.0,1.0,2.0,1.0,1.0,3.0,30.0,3.0,2.0,2.0,3.0,2.0,1.0,2.0,1.0
557,3.0,12.0,2.0,2.0,1474.0,1.0,2.0,4.0,2.0,1.0,1.0,2.0,33.0,1.0,2.0,1.0,4.0,2.0,2.0,2.0,1.0
558,4.0,24.0,2.0,1.0,5433.0,5.0,1.0,2.0,2.0,1.0,4.0,2.0,26.0,3.0,1.0,1.0,4.0,2.0,2.0,2.0,1.0
559,2.0,14.0,2.0,9.0,1410.0,3.0,5.0,1.0,4.0,1.0,2.0,1.0,35.0,3.0,2.0,1.0,3.0,2.0,2.0,2.0,1.0
560,4.0,20.0,4.0,0.0,3485.0,5.0,2.0,2.0,1.0,1.0,4.0,1.0,44.0,3.0,2.0,2.0,3.0,2.0,2.0,2.0,1.0
561,4.0,18.0,4.0,1.0,3850.0,1.0,4.0,3.0,3.0,1.0,1.0,3.0,27.0,3.0,2.0,2.0,3.0,2.0,1.0,2.0,1.0
562,2.0,60.0,2.0,0.0,7408.0,2.0,2.0,4.0,2.0,1.0,2.0,2.0,24.0,3.0,2.0,1.0,4.0,2.0,1.0,2.0,0.0
563,3.0,24.0,2.0,3.0,1377.0,2.0,5.0,4.0,2.0,1.0,2.0,4.0,47.0,3.0,3.0,1.0,3.0,2.0,2.0,2.0,1.0
564,4.0,30.0,3.0,9.0,4272.0,2.0,3.0,2.0,3.0,1.0,2.0,2.0,26.0,3.0,2.0,2.0,2.0,2.0,1.0,2.0,1.0
565,2.0,24.0,3.0,3.0,1553.0,2.0,4.0,3.0,2.0,1.0,2.0,2.0,23.0,3.0,1.0,2.0,3.0,2.0,2.0,2.0,1.0
566,2.0,36.0,3.0,9.0,9857.0,2.0,4.0,1.0,3.0,1.0,3.0,2.0,31.0,3.0,2.0,2.0,2.0,1.0,2.0,2.0,1.0
567,4.0,6.0,4.0,0.0,362.0,2.0,3.0,4.0,2.0,1.0,4.0,3.0,52.0,3.0,2.0,2.0,2.0,2.0,1.0,2.0,1.0
568,4.0,12.0,4.0,2.0,1935.0,1.0,5.0,4.0,3.0,1.0,4.0,1.0,43.0,3.0,2.0,3.0,3.0,2.0,2.0,2.0,1.0
569,4.0,48.0,2.0,3.0,10222.0,5.0,4.0,4.0,3.0,1.0,3.0,3.0,37.0,2.0,2.0,1.0,3.0,2.0,2.0,2.0,1.0
570,3.0,12.0,2.0,0.0,1330.0,1.0,2.0,4.0,3.0,1.0,1.0,1.0,26.0,3.0,2.0,1.0,3.0,2.0,1.0,2.0,1.0
571,4.0,36.0,2.0,6.0,9055.0,5.0,3.0,2.0,3.0,1.0,4.0,4.0,35.0,3.0,3.0,1.0,2.0,1.0,2.0,2.0,1.0
572,2.0,26.0,2.0,1.0,7966.0,1.0,2.0,2.0,3.0,1.0,3.0,3.0,30.0,3.0,2.0,2.0,3.0,2.0,1.0,2.0,1.0
573,2.0,30.0,1.0,2.0,3496.0,4.0,3.0,4.0,3.0,1.0,2.0,3.0,34.0,2.0,2.0,1.0,3.0,1.0,2.0,2.0,1.0
574,2.0,36.0,2.0,1.0,6948.0,1.0,3.0,2.0,3.0,1.0,2.0,3.0,35.0,3.0,1.0,1.0,4.0,2.0,2.0,2.0,1.0
575,2.0,48.0,0.0,9.0,12204.0,5.0,3.0,2.0,3.0,1.0,2.0,3.0,48.0,1.0,2.0,1.0,4.0,2.0,2.0,2.0,1.0
576,1.0,36.0,2.0,2.0,3446.0,1.0,5.0,4.0,3.0,1.0,2.0,3.0,42.0,3.0,2.0,1.0,3.0,1.0,1.0,2.0,0.0
577,1.0,12.0,2.0,6.0,684.0,1.0,3.0,4.0,3.0,1.0,4.0,3.0,40.0,3.0,1.0,1.0,2.0,1.0,1.0,2.0,0.0
578,1.0,33.0,4.0,2.0,4281.0,3.0,3.0,1.0,2.0,1.0,4.0,3.0,23.0,3.0,2.0,2.0,3.0,2.0,1.0,2.0,0.0
579,1.0,42.0,2.0,3.0,7174.0,5.0,4.0,4.0,2.0,1.0,3.0,3.0,30.0,3.0,2.0,1.0,4.0,2.0,2.0,2.0,0.0
580,1.0,24.0,1.0,3.0,1546.0,1.0,4.0,4.0,3.0,3.0,4.0,3.0,24.0,1.0,1.0,1.0,2.0,2.0,1.0,2.0,0.0
581,1.0,24.0,2.0,2.0,2359.0,2.0,1.0,1.0,1.0,1.0,1.0,2.0,33.0,3.0,2.0,1.0,3.0,2.0,1.0,2.0,0.0
582,4.0,24.0,2.0,3.0,3621.0,2.0,5.0,2.0,3.0,1.0,4.0,3.0,31.0,3.0,2.0,2.0,3.0,2.0,1.0,2.0,0.0
583,1.0,12.0,2.0,4.0,741.0,2.0,1.0,4.0,2.0,1.0,3.0,2.0,22.0,3.0,2.0,1.0,3.0,2.0,1.0,2.0,0.0
584,1.0,12.0,2.0,2.0,7865.0,1.0,5.0,4.0,3.0,1.0,4.0,4.0,53.0,3.0,3.0,1.0,4.0,2.0,2.0,2.0,0.0
585,1.0,24.0,2.0,1.0,2910.0,1.0,4.0,2.0,3.0,1.0,1.0,4.0,34.0,3.0,3.0,1.0,4.0,2.0,2.0,2.0,1.0
586,1.0,18.0,4.0,0.0,5302.0,1.0,5.0,2.0,3.0,1.0,4.0,4.0,36.0,3.0,3.0,3.0,4.0,2.0,2.0,2.0,1.0
587,1.0,36.0,2.0,2.0,3620.0,1.0,3.0,1.0,3.0,3.0,2.0,2.0,37.0,3.0,2.0,1.0,3.0,1.0,1.0,2.0,1.0
588,1.0,18.0,2.0,3.0,3509.0,1.0,4.0,4.0,2.0,3.0,1.0,1.0,25.0,3.0,2.0,1.0,3.0,2.0,1.0,2.0,1.0
589,2.0,12.0,2.0,2.0,3017.0,1.0,2.0,3.0,2.0,1.0,1.0,1.0,34.0,3.0,1.0,1.0,4.0,2.0,1.0,2.0,1.0
590,1.0,12.0,2.0,2.0,1657.0,1.0,3.0,2.0,3.0,1.0,2.0,1.0,27.0,3.0,2.0,1.0,3.0,2.0,1.0,2.0,1.0
591,1.0,8.0,4.0,10.0,1164.0,1.0,5.0,3.0,3.0,1.0,4.0,4.0,51.0,1.0,3.0,2.0,4.0,1.0,2.0,2.0,1.0
592,1.0,36.0,4.0,2.0,6229.0,1.0,2.0,4.0,2.0,2.0,4.0,4.0,23.0,3.0,1.0,2.0,2.0,2.0,2.0,2.0,0.0
593,1.0,24.0,1.0,0.0,1193.0,1.0,1.0,1.0,2.0,2.0,4.0,4.0,29.0,3.0,1.0,2.0,1.0,2.0,1.0,2.0,0.0
594,1.0,30.0,0.0,2.0,4583.0,1.0,3.0,2.0,1.0,3.0,2.0,1.0,32.0,3.0,2.0,2.0,3.0,2.0,1.0,2.0,1.0
595,1.0,36.0,4.0,2.0,5371.0,1.0,3.0,3.0,3.0,3.0,2.0,2.0,28.0,3.0,2.0,2.0,3.0,2.0,1.0,2.0,1.0
596,1.0,12.0,2.0,2.0,708.0,1.0,3.0,2.0,3.0,3.0,3.0,2.0,38.0,3.0,2.0,1.0,2.0,1.0,1.0,2.0,1.0
597,1.0,21.0,4.0,0.0,571.0,1.0,5.0,4.0,3.0,1.0,4.0,1.0,65.0,3.0,2.0,2.0,3.0,2.0,1.0,2.0,1.0
598,1.0,30.0,2.0,3.0,2522.0,1.0,5.0,1.0,3.0,3.0,3.0,2.0,39.0,3.0,2.0,1.0,3.0,1.0,1.0,2.0,1.0
599,1.0,36.0,2.0,2.0,5179.0,1.0,4.0,4.0,3.0,1.0,2.0,2.0,29.0,3.0,2.0,1.0,3.0,2.0,1.0,2.0,0.0
600,1.0,36.0,2.0,1.0,8229.0,1.0,3.0,2.0,3.0,1.0,2.0,2.0,26.0,3.0,2.0,1.0,3.0,1.0,1.0,2.0,0.0
601,4.0,24.0,4.0,2.0,2028.0,1.0,4.0,2.0,3.0,1.0,2.0,2.0,30.0,3.0,2.0,2.0,2.0,2.0,1.0,2.0,1.0
602,1.0,6.0,2.0,0.0,1374.0,5.0,1.0,4.0,2.0,1.0,3.0,2.0,75.0,3.0,2.0,1.0,4.0,2.0,2.0,2.0,1.0
603,1.0,12.0,2.0,2.0,1289.0,1.0,3.0,4.0,3.0,3.0,1.0,2.0,21.0,3.0,2.0,1.0,2.0,2.0,1.0,2.0,1.0
604,1.0,36.0,2.0,2.0,2712.0,1.0,5.0,2.0,3.0,1.0,2.0,2.0,41.0,1.0,2.0,1.0,3.0,1.0,1.0,2.0,0.0
605,1.0,15.0,4.0,2.0,975.0,1.0,3.0,2.0,1.0,1.0,3.0,2.0,25.0,3.0,2.0,2.0,3.0,2.0,1.0,2.0,1.0
606,2.0,6.0,3.0,2.0,1050.0,1.0,1.0,4.0,3.0,1.0,1.0,2.0,35.0,2.0,2.0,2.0,4.0,2.0,2.0,1.0,1.0
607,1.0,6.0,4.0,0.0,609.0,1.0,4.0,4.0,2.0,1.0,3.0,2.0,37.0,3.0,2.0,2.0,3.0,2.0,1.0,2.0,1.0
608,1.0,48.0,2.0,1.0,4788.0,1.0,4.0,4.0,3.0,1.0,3.0,2.0,26.0,3.0,2.0,1.0,3.0,1.0,1.0,2.0,1.0
609,2.0,24.0,2.0,2.0,3069.0,2.0,5.0,4.0,3.0,1.0,4.0,4.0,30.0,3.0,3.0,1.0,3.0,2.0,1.0,2.0,1.0
610,2.0,12.0,2.0,0.0,836.0,2.0,2.0,4.0,2.0,1.0,2.0,2.0,23.0,1.0,2.0,1.0,2.0,2.0,1.0,2.0,0.0
611,1.0,12.0,2.0,2.0,2577.0,1.0,3.0,2.0,1.0,1.0,1.0,3.0,42.0,3.0,2.0,1.0,3.0,2.0,1.0,2.0,1.0
612,1.0,12.0,2.0,2.0,1620.0,1.0,3.0,2.0,2.0,2.0,3.0,2.0,30.0,3.0,2.0,1.0,3.0,2.0,1.0,2.0,1.0
613,1.0,15.0,2.0,2.0,1845.0,1.0,2.0,4.0,2.0,3.0,1.0,2.0,46.0,3.0,1.0,1.0,3.0,2.0,1.0,2.0,1.0
614,1.0,24.0,2.0,1.0,6579.0,1.0,1.0,4.0,3.0,1.0,2.0,4.0,29.0,3.0,3.0,1.0,4.0,2.0,2.0,2.0,1.0
615,1.0,12.0,2.0,0.0,1893.0,1.0,3.0,4.0,2.0,3.0,4.0,2.0,29.0,3.0,2.0,1.0,3.0,2.0,2.0,2.0,1.0
616,1.0,30.0,4.0,1.0,10623.0,1.0,5.0,3.0,3.0,1.0,4.0,4.0,38.0,3.0,3.0,3.0,4.0,1.0,2.0,2.0,1.0
617,1.0,18.0,2.0,0.0,2249.0,2.0,4.0,4.0,3.0,1.0,3.0,3.0,30.0,3.0,2.0,1.0,4.0,1.0,2.0,2.0,1.0
618,1.0,30.0,2.0,2.0,3108.0,1.0,2.0,2.0,1.0,1.0,4.0,2.0,31.0,3.0,2.0,1.0,2.0,2.0,1.0,2.0,0.0
619,2.0,12.0,4.0,0.0,958.0,1.0,4.0,2.0,3.0,1.0,3.0,1.0,47.0,3.0,2.0,2.0,2.0,1.0,1.0,2.0,1.0
620,4.0,24.0,2.0,1.0,9277.0,5.0,3.0,2.0,1.0,1.0,4.0,4.0,48.0,3.0,3.0,1.0,3.0,2.0,2.0,2.0,1.0
621,4.0,24.0,4.0,10.0,6314.0,1.0,1.0,4.0,3.0,2.0,2.0,4.0,27.0,1.0,2.0,2.0,4.0,2.0,2.0,2.0,1.0
622,1.0,12.0,4.0,1.0,1526.0,1.0,5.0,4.0,3.0,1.0,4.0,4.0,66.0,3.0,3.0,2.0,4.0,2.0,1.0,2.0,1.0
623,1.0,12.0,2.0,2.0,3590.0,1.0,3.0,2.0,3.0,2.0,2.0,2.0,29.0,3.0,2.0,1.0,2.0,1.0,1.0,2.0,1.0
624,1.0,24.0,4.0,1.0,6615.0,1.0,1.0,2.0,3.0,1.0,4.0,4.0,75.0,3.0,3.0,2.0,4.0,2.0,2.0,2.0,1.0
625,1.0,6.0,4.0,2.0,1872.0,1.0,1.0,4.0,3.0,1.0,4.0,4.0,36.0,3.0,3.0,3.0,4.0,2.0,2.0,2.0,1.0
626,4.0,12.0,2.0,0.0,2859.0,5.0,1.0,4.0,3.0,1.0,4.0,4.0,38.0,3.0,2.0,1.0,4.0,2.0,2.0,2.0,1.0
627,4.0,18.0,4.0,3.0,1582.0,4.0,5.0,4.0,3.0,1.0,4.0,3.0,46.0,3.0,2.0,2.0,3.0,2.0,1.0,2.0,1.0
628,4.0,6.0,2.0,8.0,1238.0,5.0,1.0,4.0,3.0,1.0,4.0,2.0,36.0,3.0,2.0,1.0,4.0,1.0,2.0,2.0,1.0
629,1.0,12.0,2.0,2.0,2578.0,1.0,1.0,3.0,2.0,1.0,4.0,4.0,55.0,3.0,3.0,1.0,4.0,2.0,1.0,2.0,1.0
630,1.0,15.0,4.0,2.0,1433.0,1.0,3.0,4.0,2.0,1.0,3.0,2.0,25.0,3.0,1.0,2.0,3.0,2.0,1.0,2.0,1.0
631,1.0,42.0,2.0,2.0,7882.0,1.0,4.0,2.0,3.0,3.0,4.0,2.0,45.0,3.0,3.0,1.0,3.0,1.0,1.0,2.0,1.0
632,1.0,24.0,2.0,2.0,4169.0,1.0,3.0,4.0,3.0,1.0,4.0,2.0,28.0,3.0,2.0,1.0,3.0,2.0,1.0,2.0,1.0
633,1.0,36.0,2.0,2.0,3959.0,1.0,1.0,4.0,3.0,1.0,3.0,2.0,30.0,3.0,2.0,1.0,4.0,2.0,2.0,2.0,1.0
634,1.0,36.0,2.0,0.0,3249.0,1.0,4.0,2.0,3.0,1.0,4.0,4.0,39.0,1.0,3.0,1.0,4.0,1.0,2.0,2.0,1.0
635,1.0,24.0,2.0,2.0,3149.0,1.0,2.0,4.0,3.0,1.0,1.0,4.0,22.0,1.0,3.0,1.0,3.0,2.0,1.0,2.0,1.0
636,1.0,12.0,4.0,2.0,2246.0,1.0,5.0,3.0,3.0,1.0,3.0,2.0,60.0,3.0,2.0,2.0,3.0,2.0,1.0,2.0,0.0
637,1.0,13.0,4.0,9.0,1797.0,1.0,2.0,3.0,3.0,1.0,1.0,2.0,28.0,1.0,2.0,2.0,2.0,2.0,1.0,2.0,1.0
638,1.0,20.0,4.0,2.0,4272.0,1.0,5.0,1.0,2.0,1.0,4.0,2.0,24.0,3.0,2.0,2.0,3.0,2.0,1.0,2.0,1.0
639,1.0,24.0,4.0,1.0,2957.0,1.0,5.0,4.0,3.0,1.0,4.0,2.0,63.0,3.0,2.0,2.0,3.0,2.0,2.0,2.0,1.0
640,1.0,36.0,4.0,2.0,2348.0,1.0,3.0,3.0,4.0,1.0,2.0,2.0,46.0,3.0,2.0,2.0,3.0,2.0,2.0,2.0,1.0
641,3.0,42.0,0.0,9.0,6289.0,1.0,2.0,2.0,1.0,1.0,1.0,2.0,33.0,3.0,2.0,2.0,3.0,2.0,1.0,2.0,1.0
642,1.0,24.0,4.0,1.0,6419.0,1.0,5.0,2.0,2.0,1.0,4.0,4.0,44.0,3.0,3.0,2.0,4.0,1.0,2.0,2.0,1.0
643,1.0,48.0,4.0,1.0,6143.0,1.0,5.0,4.0,2.0,1.0,4.0,4.0,58.0,2.0,3.0,2.0,2.0,2.0,1.0,2.0,0.0
644,4.0,24.0,4.0,6.0,1597.0,1.0,5.0,4.0,3.0,1.0,4.0,4.0,54.0,3.0,3.0,2.0,3.0,1.0,1.0,2.0,1.0
645,1.0,36.0,2.0,10.0,15857.0,1.0,1.0,2.0,1.0,2.0,3.0,3.0,43.0,3.0,2.0,1.0,4.0,2.0,1.0,2.0,1.0
646,4.0,24.0,4.0,3.0,2223.0,2.0,5.0,4.0,3.0,1.0,4.0,2.0,52.0,1.0,2.0,2.0,3.0,2.0,1.0,2.0,1.0
647,4.0,48.0,3.0,3.0,7238.0,5.0,5.0,3.0,3.0,1.0,3.0,3.0,32.0,1.0,2.0,2.0,3.0,1.0,1.0,2.0,1.0
648,2.0,30.0,3.0,9.0,2503.0,2.0,5.0,4.0,3.0,1.0,2.0,2.0,41.0,2.0,2.0,2.0,3.0,2.0,1.0,2.0,1.0
649,2.0,18.0,2.0,9.0,2622.0,2.0,3.0,4.0,3.0,1.0,4.0,3.0,34.0,3.0,2.0,1.0,3.0,2.0,1.0,2.0,1.0
650,2.0,24.0,2.0,2.0,4351.0,5.0,3.0,1.0,2.0,1.0,4.0,2.0,48.0,3.0,2.0,1.0,2.0,2.0,2.0,2.0,1.0
651,2.0,6.0,2.0,3.0,368.0,5.0,5.0,4.0,3.0,1.0,4.0,2.0,38.0,3.0,2.0,1.0,3.0,2.0,1.0,2.0,1.0
652,2.0,12.0,2.0,8.0,754.0,5.0,5.0,4.0,3.0,1.0,4.0,2.0,38.0,3.0,2.0,2.0,3.0,2.0,1.0,2.0,1.0
653,4.0,24.0,4.0,3.0,2424.0,5.0,5.0,4.0,3.0,1.0,4.0,2.0,53.0,3.0,2.0,2.0,3.0,2.0,1.0,2.0,1.0
654,2.0,48.0,3.0,9.0,6681.0,5.0,3.0,4.0,3.0,1.0,4.0,4.0,38.0,3.0,3.0,1.0,3.0,1.0,2.0,2.0,1.0
655,2.0,18.0,3.0,9.0,2427.0,5.0,5.0,4.0,3.0,1.0,2.0,2.0,42.0,3.0,2.0,2.0,3.0,2.0,1.0,2.0,1.0
656,2.0,24.0,4.0,3.0,1216.0,2.0,2.0,4.0,3.0,1.0,4.0,4.0,38.0,1.0,2.0,2.0,3.0,1.0,1.0,2.0,0.0
657,2.0,6.0,2.0,3.0,753.0,1.0,3.0,2.0,2.0,3.0,3.0,1.0,64.0,3.0,2.0,1.0,3.0,2.0,1.0,2.0,1.0
658,2.0,7.0,2.0,3.0,2576.0,1.0,3.0,2.0,3.0,3.0,2.0,1.0,35.0,3.0,2.0,1.0,3.0,2.0,1.0,1.0,1.0
659,2.0,6.0,2.0,3.0,590.0,1.0,2.0,3.0,4.0,1.0,3.0,1.0,26.0,3.0,2.0,1.0,2.0,2.0,1.0,1.0,1.0
660,2.0,8.0,2.0,3.0,1414.0,1.0,3.0,4.0,3.0,3.0,2.0,1.0,33.0,3.0,2.0,1.0,3.0,2.0,1.0,1.0,1.0
661,2.0,12.0,2.0,3.0,1103.0,1.0,4.0,4.0,3.0,3.0,3.0,1.0,29.0,3.0,2.0,2.0,3.0,2.0,1.0,2.0,1.0
662,2.0,12.0,3.0,3.0,585.0,1.0,3.0,4.0,4.0,2.0,4.0,1.0,20.0,3.0,1.0,2.0,3.0,2.0,1.0,2.0,1.0
663,2.0,6.0,2.0,3.0,1068.0,1.0,5.0,4.0,3.0,1.0,4.0,3.0,28.0,3.0,2.0,1.0,3.0,1.0,1.0,2.0,1.0
664,1.0,8.0,4.0,0.0,713.0,1.0,5.0,4.0,3.0,1.0,4.0,1.0,47.0,3.0,2.0,2.0,2.0,2.0,1.0,2.0,1.0
665,2.0,12.0,2.0,3.0,1092.0,1.0,3.0,4.0,2.0,3.0,4.0,1.0,49.0,3.0,2.0,2.0,3.0,2.0,2.0,2.0,1.0
666,2.0,7.0,2.0,3.0,2329.0,1.0,2.0,1.0,2.0,3.0,1.0,1.0,45.0,3.0,2.0,1.0,3.0,2.0,1.0,2.0,1.0
667,2.0,13.0,4.0,3.0,882.0,1.0,2.0,4.0,3.0,3.0,4.0,1.0,23.0,3.0,2.0,2.0,3.0,2.0,1.0,2.0,1.0
668,2.0,18.0,2.0,3.0,866.0,1.0,3.0,4.0,4.0,3.0,2.0,1.0,25.0,3.0,2.0,1.0,2.0,2.0,1.0,2.0,1.0
669,2.0,7.0,2.0,3.0,2415.0,1.0,3.0,3.0,3.0,3.0,2.0,1.0,34.0,3.0,2.0,1.0,3.0,2.0,1.0,2.0,1.0
670,2.0,13.0,2.0,3.0,2101.0,1.0,2.0,2.0,2.0,3.0,4.0,2.0,23.0,3.0,2.0,1.0,2.0,2.0,1.0,2.0,1.0
671,2.0,18.0,2.0,3.0,1301.0,1.0,5.0,4.0,4.0,3.0,2.0,1.0,32.0,3.0,2.0,1.0,2.0,2.0,1.0,2.0,1.0
672,2.0,18.0,2.0,3.0,1113.0,1.0,3.0,4.0,2.0,3.0,4.0,1.0,26.0,3.0,2.0,1.0,2.0,1.0,1.0,2.0,1.0
673,2.0,8.0,2.0,3.0,760.0,1.0,4.0,4.0,2.0,3.0,2.0,1.0,44.0,3.0,2.0,1.0,2.0,2.0,1.0,2.0,1.0
674,2.0,12.0,2.0,3.0,625.0,1.0,2.0,4.0,4.0,3.0,1.0,1.0,26.0,1.0,2.0,1.0,2.0,2.0,1.0,2.0,1.0
675,3.0,6.0,4.0,0.0,1323.0,2.0,5.0,2.0,1.0,1.0,4.0,3.0,28.0,3.0,2.0,2.0,3.0,1.0,2.0,2.0,1.0
676,1.0,9.0,4.0,3.0,1138.0,1.0,3.0,4.0,3.0,1.0,4.0,1.0,25.0,3.0,2.0,2.0,2.0,2.0,1.0,2.0,1.0
677,2.0,18.0,4.0,3.0,1795.0,1.0,5.0,3.0,2.0,3.0,4.0,1.0,48.0,1.0,1.0,2.0,2.0,2.0,2.0,2.0,1.0
678,2.0,15.0,4.0,3.0,2728.0,5.0,4.0,4.0,3.0,3.0,2.0,1.0,35.0,1.0,2.0,3.0,3.0,2.0,2.0,2.0,1.0
679,2.0,6.0,2.0,3.0,484.0,1.0,4.0,3.0,4.0,3.0,3.0,1.0,28.0,1.0,2.0,1.0,2.0,2.0,1.0,2.0,1.0
680,2.0,10.0,1.0,3.0,1048.0,1.0,3.0,4.0,3.0,1.0,4.0,1.0,23.0,2.0,2.0,1.0,2.0,2.0,1.0,2.0,1.0
681,2.0,12.0,2.0,3.0,1155.0,1.0,5.0,3.0,4.0,3.0,3.0,1.0,40.0,1.0,2.0,2.0,2.0,2.0,1.0,2.0,1.0
682,2.0,20.0,3.0,1.0,7057.0,5.0,4.0,3.0,3.0,1.0,4.0,2.0,36.0,1.0,1.0,2.0,4.0,1.0,2.0,2.0,1.0
683,2.0,15.0,4.0,3.0,1537.0,5.0,5.0,4.0,3.0,3.0,4.0,1.0,50.0,3.0,2.0,2.0,3.0,2.0,2.0,2.0,1.0
684,1.0,12.0,2.0,3.0,2214.0,1.0,3.0,4.0,3.0,1.0,3.0,2.0,24.0,3.0,2.0,1.0,2.0,2.0,1.0,2.0,1.0
685,4.0,24.0,4.0,2.0,1585.0,1.0,4.0,4.0,3.0,1.0,3.0,2.0,40.0,3.0,2.0,2.0,3.0,2.0,1.0,2.0,1.0
686,2.0,10.0,2.0,2.0,1521.0,1.0,3.0,4.0,1.0,1.0,2.0,3.0,31.0,3.0,2.0,1.0,2.0,2.0,1.0,2.0,1.0
687,2.0,36.0,1.0,4.0,3990.0,5.0,2.0,3.0,2.0,1.0,2.0,4.0,29.0,1.0,2.0,1.0,1.0,2.0,1.0,2.0,1.0
688,3.0,18.0,2.0,2.0,3049.0,1.0,2.0,1.0,2.0,1.0,1.0,2.0,45.0,2.0,2.0,1.0,2.0,2.0,1.0,2.0,1.0
689,1.0,24.0,2.0,3.0,1282.0,2.0,3.0,4.0,2.0,1.0,2.0,3.0,32.0,3.0,2.0,1.0,2.0,2.0,1.0,2.0,0.0
690,4.0,60.0,2.0,3.0,10144.0,2.0,4.0,2.0,2.0,1.0,4.0,1.0,21.0,3.0,2.0,1.0,3.0,2.0,2.0,2.0,1.0
691,1.0,12.0,2.0,0.0,1168.0,1.0,3.0,4.0,4.0,1.0,3.0,1.0,27.0,3.0,2.0,1.0,2.0,2.0,1.0,2.0,1.0
692,2.0,6.0,2.0,5.0,454.0,1.0,2.0,3.0,4.0,1.0,1.0,2.0,22.0,3.0,2.0,1.0,2.0,2.0,1.0,2.0,1.0
693,4.0,15.0,3.0,1.0,3594.0,1.0,2.0,1.0,2.0,1.0,2.0,2.0,46.0,3.0,2.0,2.0,2.0,2.0,1.0,2.0,1.0
694,4.0,12.0,2.0,2.0,1768.0,1.0,3.0,3.0,3.0,1.0,2.0,1.0,24.0,3.0,1.0,1.0,2.0,2.0,1.0,2.0,1.0
695,4.0,60.0,3.0,3.0,15653.0,1.0,4.0,2.0,3.0,1.0,4.0,3.0,21.0,3.0,2.0,2.0,3.0,2.0,2.0,2.0,1.0
696,3.0,12.0,3.0,0.0,2247.0,1.0,3.0,2.0,2.0,1.0,2.0,3.0,36.0,2.0,2.0,2.0,3.0,2.0,2.0,2.0,1.0
697,4.0,24.0,2.0,3.0,1413.0,1.0,3.0,4.0,4.0,1.0,2.0,2.0,28.0,3.0,2.0,1.0,3.0,2.0,1.0,2.0,1.0
698,2.0,45.0,4.0,1.0,4576.0,2.0,1.0,3.0,3.0,1.0,4.0,3.0,27.0,3.0,2.0,1.0,3.0,2.0,1.0,2.0,1.0
699,1.0,24.0,4.0,3.0,1231.0,4.0,5.0,4.0,2.0,1.0,4.0,2.0,57.0,3.0,1.0,2.0,4.0,2.0,2.0,2.0,1.0
700,1.0,36.0,2.0,1.0,8335.0,5.0,5.0,3.0,3.0,1.0,4.0,4.0,47.0,3.0,3.0,1.0,3.0,2.0,1.0,2.0,0.0
701,2.0,36.0,4.0,1.0,5800.0,1.0,3.0,3.0,3.0,1.0,4.0,3.0,34.0,3.0,2.0,2.0,3.0,2.0,2.0,2.0,1.0
702,1.0,18.0,3.0,6.0,8471.0,5.0,3.0,1.0,2.0,1.0,2.0,3.0,23.0,3.0,1.0,2.0,3.0,2.0,2.0,2.0,1.0
703,1.0,30.0,2.0,2.0,3622.0,4.0,5.0,4.0,2.0,1.0,4.0,2.0,57.0,3.0,1.0,2.0,3.0,2.0,2.0,2.0,1.0
704,1.0,6.0,4.0,3.0,1169.0,5.0,5.0,4.0,3.0,1.0,4.0,1.0,67.0,3.0,2.0,2.0,3.0,2.0,2.0,2.0,1.0
705,4.0,15.0,2.0,4.0,1262.0,3.0,4.0,4.0,3.0,1.0,3.0,2.0,36.0,3.0,2.0,2.0,3.0,2.0,2.0,2.0,1.0
706,3.0,24.0,4.0,2.0,3617.0,5.0,5.0,4.0,3.0,2.0,4.0,4.0,20.0,3.0,1.0,2.0,3.0,2.0,1.0,2.0,1.0
707,2.0,30.0,4.0,0.0,2181.0,5.0,5.0,4.0,3.0,1.0,4.0,1.0,36.0,3.0,2.0,2.0,3.0,2.0,1.0,2.0,1.0
708,1.0,48.0,1.0,9.0,7685.0,1.0,4.0,2.0,2.0,3.0,4.0,3.0,37.0,3.0,1.0,1.0,3.0,2.0,1.0,2.0,0.0
709,4.0,48.0,4.0,6.0,6110.0,1.0,3.0,1.0,3.0,1.0,3.0,4.0,31.0,1.0,3.0,1.0,3.0,2.0,2.0,2.0,1.0
710,4.0,24.0,2.0,0.0,3757.0,1.0,5.0,4.0,2.0,2.0,4.0,4.0,62.0,3.0,3.0,1.0,3.0,2.0,2.0,2.0,1.0
711,1.0,42.0,4.0,5.0,3394.0,1.0,1.0,4.0,3.0,2.0,4.0,3.0,65.0,3.0,2.0,2.0,1.0,2.0,1.0,2.0,1.0
712,4.0,36.0,4.0,9.0,6304.0,5.0,5.0,4.0,3.0,1.0,4.0,1.0,36.0,3.0,2.0,2.0,3.0,2.0,1.0,2.0,1.0
713,4.0,9.0,4.0,6.0,1244.0,5.0,5.0,4.0,2.0,1.0,4.0,2.0,41.0,3.0,1.0,2.0,2.0,2.0,1.0,2.0,1.0
714,4.0,6.0,2.0,0.0,3518.0,1.0,3.0,2.0,3.0,3.0,3.0,2.0,26.0,3.0,1.0,1.0,3.0,2.0,1.0,2.0,1.0
715,4.0,36.0,0.0,5.0,2613.0,1.0,3.0,4.0,3.0,1.0,2.0,3.0,27.0,3.0,2.0,2.0,3.0,2.0,1.0,2.0,1.0
716,1.0,48.0,2.0,6.0,7476.0,1.0,4.0,4.0,3.0,1.0,1.0,4.0,50.0,3.0,3.0,1.0,4.0,2.0,2.0,2.0,1.0
717,4.0,24.0,2.0,9.0,4591.0,4.0,3.0,2.0,3.0,1.0,3.0,2.0,54.0,3.0,2.0,3.0,4.0,2.0,2.0,2.0,0.0
718,2.0,18.0,2.0,2.0,1924.0,5.0,2.0,4.0,2.0,1.0,3.0,1.0,27.0,3.0,1.0,1.0,3.0,2.0,1.0,2.0,0.0
719,2.0,72.0,2.0,3.0,5595.0,2.0,3.0,2.0,4.0,1.0,2.0,3.0,24.0,3.0,2.0,1.0,3.0,2.0,1.0,2.0,0.0
720,2.0,48.0,3.0,6.0,6224.0,1.0,5.0,4.0,3.0,1.0,4.0,4.0,50.0,3.0,3.0,1.0,3.0,2.0,1.0,2.0,0.0
721,3.0,15.0,2.0,6.0,1905.0,1.0,5.0,4.0,3.0,1.0,4.0,3.0,40.0,3.0,1.0,1.0,4.0,2.0,2.0,2.0,1.0
722,4.0,21.0,3.0,1.0,2993.0,1.0,3.0,3.0,3.0,1.0,2.0,1.0,28.0,2.0,2.0,2.0,2.0,2.0,1.0,2.0,1.0
723,4.0,36.0,3.0,1.0,8947.0,5.0,4.0,3.0,3.0,1.0,2.0,3.0,31.0,2.0,2.0,1.0,4.0,1.0,2.0,2.0,1.0
724,1.0,24.0,2.0,2.0,4020.0,1.0,3.0,2.0,3.0,1.0,2.0,3.0,27.0,2.0,2.0,1.0,3.0,2.0,1.0,2.0,1.0
725,2.0,18.0,2.0,1.0,2779.0,1.0,3.0,1.0,4.0,1.0,3.0,3.0,21.0,3.0,1.0,1.0,3.0,2.0,2.0,2.0,1.0
726,4.0,21.0,2.0,0.0,2782.0,3.0,4.0,1.0,2.0,1.0,2.0,3.0,31.0,1.0,2.0,1.0,4.0,2.0,1.0,2.0,1.0
727,4.0,12.0,2.0,0.0,1884.0,1.0,5.0,4.0,3.0,1.0,4.0,3.0,39.0,3.0,2.0,1.0,4.0,2.0,2.0,2.0,1.0
728,4.0,36.0,4.0,1.0,11054.0,5.0,3.0,4.0,3.0,1.0,2.0,3.0,30.0,3.0,2.0,1.0,4.0,2.0,2.0,2.0,1.0
729,2.0,60.0,3.0,3.0,9157.0,5.0,3.0,2.0,3.0,1.0,2.0,4.0,27.0,3.0,3.0,1.0,4.0,2.0,1.0,2.0,1.0
730,2.0,42.0,1.0,1.0,9283.0,1.0,1.0,1.0,3.0,1.0,2.0,4.0,55.0,1.0,3.0,1.0,4.0,2.0,2.0,2.0,1.0
731,4.0,60.0,2.0,0.0,6527.0,5.0,3.0,4.0,3.0,1.0,4.0,4.0,34.0,3.0,3.0,1.0,3.0,1.0,2.0,2.0,1.0
732,4.0,15.0,4.0,1.0,3368.0,4.0,5.0,3.0,3.0,1.0,4.0,4.0,23.0,3.0,1.0,2.0,3.0,2.0,2.0,2.0,1.0
733,1.0,15.0,2.0,0.0,2511.0,1.0,1.0,1.0,2.0,1.0,4.0,3.0,23.0,3.0,1.0,1.0,3.0,2.0,1.0,2.0,1.0
734,1.0,36.0,2.0,1.0,5493.0,1.0,5.0,2.0,3.0,1.0,4.0,4.0,42.0,3.0,3.0,1.0,3.0,1.0,1.0,2.0,1.0
735,4.0,6.0,2.0,4.0,1338.0,3.0,3.0,1.0,1.0,1.0,4.0,1.0,62.0,3.0,2.0,1.0,3.0,2.0,1.0,2.0,1.0
736,2.0,9.0,2.0,3.0,1082.0,1.0,5.0,4.0,3.0,1.0,4.0,3.0,37.0,3.0,2.0,2.0,2.0,2.0,1.0,2.0,1.0
737,4.0,18.0,4.0,3.0,1149.0,4.0,3.0,4.0,3.0,1.0,3.0,1.0,46.0,3.0,2.0,2.0,3.0,2.0,1.0,2.0,1.0
738,2.0,15.0,2.0,5.0,1308.0,1.0,5.0,4.0,3.0,1.0,4.0,3.0,38.0,3.0,2.0,2.0,2.0,2.0,1.0,2.0,1.0
739,2.0,20.0,0.0,1.0,6148.0,2.0,5.0,3.0,4.0,1.0,4.0,3.0,31.0,1.0,2.0,2.0,3.0,2.0,2.0,2.0,1.0
740,4.0,12.0,2.0,2.0,1736.0,1.0,4.0,3.0,2.0,1.0,4.0,1.0,31.0,3.0,2.0,1.0,2.0,2.0,1.0,2.0,1.0
741,4.0,12.0,2.0,3.0,3059.0,4.0,4.0,2.0,1.0,1.0,4.0,1.0,61.0,3.0,2.0,1.0,2.0,2.0,1.0,2.0,1.0
742,1.0,24.0,2.0,2.0,2996.0,5.0,3.0,2.0,4.0,1.0,4.0,3.0,20.0,3.0,2.0,1.0,3.0,2.0,1.0,2.0,0.0
743,4.0,30.0,4.0,1.0,7596.0,5.0,5.0,1.0,3.0,1.0,4.0,3.0,63.0,3.0,2.0,2.0,3.0,2.0,1.0,2.0,1.0
744,4.0,30.0,2.0,1.0,4811.0,5.0,4.0,2.0,2.0,1.0,4.0,2.0,24.0,2.0,1.0,1.0,2.0,2.0,1.0,2.0,1.0
745,4.0,6.0,2.0,2.0,1766.0,1.0,3.0,1.0,4.0,1.0,2.0,2.0,21.0,3.0,1.0,1.0,3.0,2.0,1.0,2.0,1.0
746,2.0,24.0,2.0,1.0,2760.0,5.0,5.0,4.0,3.0,1.0,4.0,4.0,36.0,1.0,3.0,1.0,3.0,2.0,2.0,2.0,1.0
747,4.0,24.0,4.0,5.0,5507.0,1.0,5.0,3.0,3.0,1.0,4.0,4.0,44.0,3.0,3.0,2.0,3.0,2.0,1.0,2.0,1.0
748,2.0,9.0,2.0,6.0,1199.0,1.0,4.0,4.0,2.0,1.0,4.0,2.0,67.0,3.0,2.0,2.0,4.0,2.0,2.0,2.0,1.0
749,3.0,24.0,2.0,2.0,2892.0,1.0,5.0,3.0,1.0,1.0,4.0,4.0,51.0,3.0,3.0,1.0,3.0,2.0,1.0,2.0,1.0
750,2.0,36.0,3.0,0.0,2862.0,2.0,5.0,4.0,3.0,1.0,3.0,4.0,30.0,3.0,3.0,1.0,3.0,2.0,1.0,2.0,1.0
751,1.0,9.0,2.0,0.0,654.0,1.0,3.0,4.0,3.0,1.0,3.0,3.0,28.0,3.0,2.0,1.0,2.0,2.0,1.0,2.0,0.0
752,2.0,9.0,4.0,6.0,1136.0,4.0,5.0,4.0,3.0,1.0,3.0,4.0,32.0,3.0,3.0,2.0,3.0,1.0,1.0,2.0,0.0
753,2.0,24.0,2.0,1.0,4113.0,3.0,2.0,3.0,2.0,1.0,4.0,3.0,28.0,3.0,1.0,1.0,3.0,2.0,1.0,2.0,0.0
754,2.0,6.0,2.0,0.0,14555.0,5.0,1.0,1.0,3.0,1.0,2.0,2.0,23.0,3.0,2.0,1.0,1.0,2.0,2.0,2.0,0.0
755,1.0,15.0,0.0,0.0,950.0,1.0,5.0,4.0,3.0,1.0,3.0,3.0,33.0,3.0,1.0,2.0,3.0,1.0,1.0,2.0,0.0
756,1.0,24.0,4.0,0.0,1199.0,1.0,5.0,4.0,3.0,1.0,4.0,3.0,60.0,3.0,2.0,2.0,2.0,2.0,1.0,2.0,0.0
757,1.0,12.0,0.0,0.0,1082.0,1.0,3.0,4.0,3.0,1.0,4.0,3.0,48.0,1.0,2.0,2.0,3.0,2.0,1.0,2.0,0.0
758,2.0,30.0,2.0,0.0,2150.0,1.0,3.0,4.0,2.0,3.0,2.0,4.0,24.0,1.0,2.0,1.0,3.0,2.0,1.0,2.0,0.0
759,2.0,36.0,4.0,0.0,2820.0,1.0,2.0,4.0,1.0,1.0,4.0,3.0,27.0,3.0,2.0,2.0,3.0,2.0,1.0,2.0,0.0
760,2.0,48.0,2.0,3.0,3060.0,1.0,4.0,4.0,3.0,1.0,4.0,1.0,28.0,3.0,2.0,2.0,3.0,2.0,1.0,2.0,0.0
761,1.0,18.0,2.0,3.0,2600.0,1.0,3.0,4.0,3.0,1.0,4.0,4.0,65.0,3.0,3.0,2.0,3.0,2.0,1.0,2.0,0.0
762,4.0,21.0,0.0,0.0,5003.0,5.0,3.0,1.0,2.0,1.0,4.0,2.0,29.0,1.0,2.0,2.0,3.0,2.0,2.0,2.0,0.0
763,2.0,60.0,2.0,6.0,6288.0,1.0,3.0,4.0,3.0,1.0,4.0,4.0,42.0,3.0,3.0,1.0,3.0,2.0,1.0,2.0,0.0
764,4.0,24.0,3.0,0.0,2538.0,1.0,5.0,4.0,3.0,1.0,4.0,3.0,47.0,3.0,2.0,2.0,2.0,1.0,1.0,2.0,0.0
765,4.0,9.0,2.0,3.0,1478.0,1.0,4.0,4.0,3.0,1.0,2.0,3.0,22.0,3.0,2.0,1.0,3.0,2.0,1.0,2.0,0.0
766,2.0,39.0,4.0,3.0,4933.0,1.0,4.0,2.0,3.0,3.0,2.0,1.0,25.0,3.0,2.0,2.0,3.0,2.0,1.0,2.0,0.0
767,4.0,18.0,4.0,0.0,1530.0,1.0,3.0,3.0,3.0,1.0,2.0,2.0,32.0,1.0,2.0,2.0,3.0,2.0,1.0,2.0,0.0
768,2.0,9.0,1.0,0.0,1437.0,2.0,4.0,2.0,3.0,1.0,3.0,4.0,29.0,3.0,2.0,1.0,3.0,2.0,1.0,2.0,0.0
769,1.0,15.0,2.0,4.0,1275.0,5.0,3.0,4.0,2.0,1.0,2.0,3.0,24.0,3.0,1.0,1.0,3.0,2.0,1.0,2.0,0.0
770,1.0,24.0,2.0,3.0,1823.0,1.0,1.0,4.0,3.0,1.0,2.0,3.0,30.0,2.0,2.0,1.0,4.0,1.0,1.0,2.0,0.0
771,1.0,9.0,2.0,0.0,1422.0,1.0,2.0,3.0,3.0,1.0,2.0,4.0,27.0,3.0,3.0,1.0,4.0,2.0,2.0,2.0,0.0
772,1.0,18.0,2.0,4.0,1217.0,1.0,3.0,4.0,4.0,1.0,3.0,1.0,47.0,3.0,2.0,1.0,2.0,2.0,2.0,2.0,0.0
773,1.0,36.0,2.0,0.0,9271.0,1.0,4.0,2.0,3.0,1.0,1.0,3.0,24.0,3.0,2.0,1.0,3.0,2.0,2.0,2.0,0.0
774,1.0,36.0,3.0,9.0,2145.0,1.0,4.0,2.0,3.0,1.0,1.0,3.0,24.0,3.0,2.0,2.0,3.0,2.0,2.0,2.0,0.0
775,1.0,36.0,2.0,0.0,1842.0,1.0,2.0,4.0,2.0,1.0,4.0,3.0,34.0,3.0,2.0,1.0,3.0,2.0,2.0,2.0,0.0
776,2.0,18.0,3.0,2.0,4297.0,1.0,5.0,4.0,1.0,1.0,3.0,4.0,40.0,3.0,2.0,1.0,4.0,2.0,2.0,2.0,0.0
777,1.0,6.0,4.0,2.0,3384.0,1.0,3.0,1.0,1.0,1.0,4.0,1.0,44.0,3.0,1.0,1.0,4.0,2.0,2.0,2.0,0.0
778,2.0,18.0,4.0,3.0,1245.0,1.0,3.0,4.0,4.0,1.0,2.0,3.0,33.0,3.0,2.0,1.0,3.0,2.0,1.0,2.0,0.0
779,4.0,15.0,2.0,6.0,4623.0,2.0,3.0,3.0,3.0,1.0,2.0,2.0,40.0,3.0,2.0,1.0,4.0,2.0,2.0,2.0,0.0
780,2.0,30.0,4.0,2.0,8386.0,1.0,4.0,2.0,3.0,1.0,2.0,2.0,49.0,3.0,2.0,1.0,3.0,2.0,1.0,2.0,0.0
781,1.0,24.0,3.0,3.0,1024.0,1.0,2.0,4.0,4.0,1.0,4.0,1.0,48.0,2.0,2.0,1.0,3.0,2.0,1.0,2.0,0.0
782,2.0,36.0,2.0,0.0,14318.0,1.0,5.0,4.0,3.0,1.0,2.0,4.0,57.0,3.0,3.0,1.0,4.0,2.0,2.0,2.0,0.0
783,2.0,6.0,1.0,6.0,433.0,4.0,2.0,4.0,2.0,1.0,2.0,2.0,24.0,1.0,1.0,1.0,3.0,1.0,1.0,2.0,0.0
784,1.0,12.0,1.0,3.0,2149.0,1.0,3.0,4.0,1.0,1.0,1.0,4.0,29.0,3.0,3.0,1.0,3.0,2.0,1.0,2.0,0.0
785,4.0,24.0,2.0,3.0,2397.0,3.0,5.0,3.0,3.0,1.0,2.0,3.0,35.0,1.0,2.0,2.0,3.0,2.0,2.0,2.0,0.0
786,2.0,6.0,1.0,0.0,931.0,2.0,2.0,1.0,2.0,1.0,1.0,2.0,32.0,2.0,2.0,1.0,2.0,2.0,1.0,2.0,0.0
787,2.0,15.0,3.0,5.0,1512.0,4.0,3.0,3.0,4.0,1.0,3.0,2.0,61.0,2.0,2.0,2.0,3.0,2.0,1.0,2.0,0.0
788,2.0,24.0,0.0,9.0,4241.0,1.0,3.0,1.0,3.0,1.0,4.0,1.0,36.0,3.0,2.0,3.0,2.0,2.0,2.0,2.0,0.0
789,2.0,24.0,4.0,2.0,4736.0,1.0,2.0,2.0,2.0,1.0,4.0,3.0,25.0,1.0,2.0,1.0,2.0,2.0,1.0,2.0,0.0
790,2.0,15.0,0.0,0.0,1778.0,1.0,2.0,2.0,2.0,1.0,1.0,1.0,26.0,3.0,1.0,2.0,1.0,2.0,1.0,2.0,0.0
791,3.0,15.0,2.0,3.0,2327.0,1.0,2.0,2.0,2.0,1.0,3.0,1.0,25.0,3.0,2.0,1.0,2.0,2.0,1.0,2.0,0.0
792,1.0,24.0,1.0,2.0,6872.0,1.0,2.0,2.0,1.0,1.0,1.0,2.0,55.0,1.0,2.0,1.0,3.0,2.0,2.0,2.0,0.0
793,1.0,12.0,2.0,6.0,795.0,1.0,2.0,4.0,2.0,1.0,4.0,2.0,53.0,3.0,2.0,1.0,3.0,2.0,1.0,2.0,0.0
794,3.0,30.0,3.0,9.0,1908.0,1.0,5.0,4.0,3.0,1.0,4.0,1.0,66.0,3.0,2.0,1.0,4.0,2.0,2.0,2.0,0.0
795,2.0,36.0,0.0,9.0,1953.0,1.0,5.0,4.0,3.0,1.0,4.0,4.0,61.0,3.0,3.0,1.0,4.0,2.0,2.0,2.0,0.0
796,3.0,18.0,2.0,2.0,2864.0,1.0,3.0,2.0,3.0,1.0,1.0,1.0,34.0,3.0,2.0,1.0,2.0,1.0,1.0,2.0,0.0
797,3.0,21.0,4.0,6.0,2319.0,1.0,2.0,2.0,1.0,1.0,1.0,3.0,33.0,3.0,1.0,1.0,3.0,2.0,1.0,2.0,0.0
798,1.0,24.0,2.0,0.0,915.0,5.0,5.0,4.0,2.0,1.0,2.0,3.0,29.0,1.0,2.0,1.0,3.0,2.0,1.0,2.0,0.0
799,3.0,24.0,2.0,0.0,947.0,1.0,4.0,4.0,3.0,1.0,3.0,4.0,38.0,1.0,3.0,1.0,3.0,1.0,1.0,2.0,0.0
800,1.0,24.0,2.0,0.0,1381.0,5.0,3.0,4.0,2.0,1.0,2.0,2.0,35.0,3.0,2.0,1.0,3.0,2.0,1.0,2.0,0.0
801,1.0,24.0,2.0,0.0,1285.0,5.0,4.0,4.0,2.0,1.0,4.0,4.0,32.0,3.0,1.0,1.0,3.0,2.0,1.0,2.0,0.0
802,1.0,24.0,2.0,0.0,1371.0,5.0,3.0,4.0,2.0,1.0,4.0,1.0,25.0,3.0,1.0,1.0,3.0,2.0,1.0,2.0,0.0
803,2.0,18.0,2.0,0.0,1042.0,5.0,3.0,4.0,2.0,1.0,2.0,2.0,33.0,3.0,2.0,1.0,3.0,2.0,1.0,2.0,0.0
804,1.0,12.0,2.0,0.0,900.0,5.0,3.0,4.0,4.0,1.0,2.0,3.0,23.0,3.0,2.0,1.0,3.0,2.0,1.0,2.0,0.0
805,1.0,24.0,2.0,0.0,1207.0,1.0,2.0,4.0,2.0,1.0,4.0,2.0,24.0,3.0,1.0,1.0,3.0,2.0,1.0,2.0,0.0
806,2.0,18.0,0.0,0.0,2278.0,2.0,2.0,3.0,2.0,1.0,3.0,3.0,28.0,3.0,2.0,2.0,3.0,2.0,1.0,2.0,0.0
807,1.0,60.0,3.0,9.0,6836.0,1.0,5.0,3.0,3.0,1.0,4.0,4.0,63.0,3.0,2.0,2.0,3.0,2.0,2.0,2.0,0.0
808,1.0,24.0,2.0,2.0,3345.0,1.0,5.0,4.0,3.0,1.0,2.0,2.0,39.0,3.0,1.0,1.0,4.0,2.0,2.0,2.0,0.0
809,1.0,6.0,1.0,6.0,1198.0,1.0,5.0,4.0,2.0,1.0,4.0,4.0,35.0,3.0,3.0,1.0,3.0,2.0,1.0,2.0,0.0
810,2.0,48.0,2.0,9.0,15672.0,1.0,3.0,2.0,3.0,1.0,2.0,3.0,23.0,3.0,2.0,1.0,3.0,2.0,2.0,2.0,0.0
811,1.0,60.0,2.0,9.0,7297.0,1.0,5.0,4.0,3.0,2.0,4.0,4.0,36.0,3.0,1.0,1.0,3.0,2.0,1.0,2.0,0.0
812,4.0,18.0,2.0,5.0,1943.0,1.0,2.0,4.0,2.0,1.0,4.0,1.0,23.0,3.0,2.0,1.0,3.0,2.0,1.0,2.0,0.0
813,1.0,18.0,2.0,3.0,3190.0,1.0,3.0,2.0,2.0,1.0,2.0,1.0,24.0,3.0,2.0,1.0,3.0,2.0,1.0,2.0,0.0
814,2.0,9.0,1.0,1.0,5129.0,1.0,5.0,2.0,2.0,1.0,4.0,4.0,74.0,1.0,3.0,1.0,4.0,1.0,2.0,2.0,0.0
815,4.0,18.0,3.0,2.0,1808.0,1.0,4.0,4.0,2.0,1.0,1.0,1.0,22.0,3.0,2.0,1.0,3.0,2.0,1.0,2.0,0.0
816,3.0,10.0,2.0,0.0,1240.0,2.0,5.0,1.0,2.0,1.0,4.0,4.0,48.0,3.0,3.0,1.0,2.0,1.0,1.0,2.0,0.0
817,1.0,12.0,2.0,0.0,759.0,1.0,4.0,4.0,3.0,1.0,2.0,1.0,26.0,3.0,2.0,1.0,3.0,2.0,1.0,2.0,0.0
818,2.0,8.0,2.0,2.0,1237.0,1.0,3.0,3.0,2.0,1.0,4.0,1.0,24.0,3.0,2.0,1.0,3.0,2.0,1.0,2.0,0.0
819,4.0,9.0,2.0,2.0,1980.0,1.0,2.0,2.0,2.0,2.0,2.0,3.0,19.0,3.0,1.0,2.0,3.0,2.0,1.0,2.0,0.0
820,2.0,48.0,2.0,3.0,10961.0,4.0,4.0,1.0,3.0,2.0,2.0,4.0,27.0,1.0,2.0,2.0,3.0,2.0,2.0,2.0,0.0
821,1.0,36.0,3.0,6.0,6887.0,1.0,3.0,4.0,3.0,1.0,3.0,2.0,29.0,2.0,2.0,1.0,3.0,2.0,2.0,2.0,0.0
822,1.0,24.0,2.0,3.0,1938.0,1.0,2.0,4.0,1.0,1.0,3.0,2.0,32.0,3.0,2.0,1.0,3.0,2.0,1.0,2.0,0.0
823,1.0,21.0,2.0,3.0,1835.0,1.0,3.0,3.0,2.0,1.0,2.0,1.0,25.0,3.0,2.0,2.0,3.0,2.0,2.0,2.0,0.0
824,1.0,24.0,3.0,3.0,1659.0,1.0,2.0,4.0,2.0,1.0,2.0,3.0,29.0,3.0,1.0,1.0,2.0,2.0,2.0,2.0,0.0
825,2.0,6.0,3.0,0.0,1209.0,1.0,1.0,4.0,3.0,1.0,4.0,2.0,47.0,3.0,2.0,1.0,4.0,2.0,2.0,2.0,0.0
826,2.0,48.0,0.0,9.0,3844.0,2.0,4.0,4.0,3.0,1.0,4.0,4.0,34.0,3.0,3.0,1.0,2.0,1.0,1.0,2.0,0.0
827,1.0,12.0,4.0,0.0,4843.0,1.0,5.0,3.0,3.0,2.0,4.0,2.0,43.0,3.0,1.0,2.0,3.0,2.0,2.0,2.0,0.0
828,2.0,12.0,2.0,5.0,639.0,1.0,3.0,4.0,3.0,1.0,2.0,3.0,30.0,3.0,2.0,1.0,3.0,2.0,1.0,2.0,0.0
829,2.0,48.0,2.0,3.0,5951.0,1.0,3.0,2.0,2.0,1.0,2.0,1.0,22.0,3.0,2.0,1.0,3.0,2.0,1.0,2.0,0.0
830,2.0,36.0,0.0,3.0,3804.0,1.0,3.0,4.0,2.0,1.0,1.0,3.0,42.0,3.0,2.0,1.0,3.0,2.0,2.0,2.0,0.0
831,4.0,36.0,3.0,3.0,4463.0,1.0,3.0,4.0,3.0,1.0,2.0,3.0,26.0,3.0,2.0,2.0,4.0,2.0,2.0,2.0,0.0
832,4.0,36.0,3.0,9.0,7980.0,5.0,2.0,4.0,3.0,1.0,4.0,3.0,27.0,3.0,1.0,2.0,3.0,2.0,2.0,2.0,0.0
833,3.0,36.0,2.0,3.0,4210.0,1.0,3.0,4.0,3.0,1.0,2.0,3.0,26.0,3.0,2.0,1.0,3.0,2.0,1.0,2.0,0.0
834,4.0,6.0,2.0,2.0,4611.0,1.0,2.0,1.0,2.0,1.0,4.0,2.0,32.0,3.0,2.0,1.0,3.0,2.0,1.0,2.0,0.0
835,2.0,24.0,2.0,1.0,11560.0,1.0,3.0,1.0,2.0,1.0,4.0,3.0,23.0,3.0,1.0,2.0,4.0,2.0,1.0,2.0,0.0
836,4.0,18.0,0.0,9.0,4165.0,1.0,3.0,2.0,3.0,1.0,2.0,3.0,36.0,2.0,2.0,2.0,3.0,1.0,1.0,2.0,0.0
837,2.0,24.0,2.0,2.0,4057.0,1.0,4.0,3.0,1.0,1.0,3.0,3.0,43.0,3.0,2.0,1.0,3.0,2.0,2.0,2.0,0.0
838,4.0,18.0,1.0,0.0,6458.0,1.0,5.0,2.0,3.0,1.0,4.0,4.0,39.0,1.0,2.0,2.0,4.0,1.0,2.0,2.0,0.0
839,4.0,12.0,2.0,0.0,1386.0,3.0,3.0,2.0,2.0,1.0,2.0,2.0,26.0,3.0,2.0,1.0,3.0,2.0,1.0,2.0,0.0
840,1.0,36.0,2.0,6.0,1977.0,5.0,5.0,4.0,3.0,1.0,4.0,4.0,40.0,3.0,2.0,1.0,4.0,2.0,2.0,2.0,0.0
841,2.0,18.0,4.0,2.0,1928.0,1.0,2.0,2.0,3.0,1.0,2.0,1.0,31.0,3.0,2.0,2.0,2.0,2.0,1.0,2.0,0.0
842,4.0,12.0,2.0,2.0,1123.0,3.0,3.0,4.0,2.0,1.0,4.0,3.0,29.0,3.0,1.0,1.0,2.0,2.0,1.0,2.0,0.0
843,2.0,24.0,2.0,10.0,11328.0,1.0,3.0,2.0,3.0,2.0,3.0,3.0,29.0,1.0,2.0,2.0,4.0,2.0,2.0,2.0,0.0
844,2.0,24.0,4.0,10.0,11938.0,1.0,3.0,2.0,3.0,2.0,3.0,3.0,39.0,3.0,2.0,2.0,4.0,1.0,2.0,2.0,0.0
845,2.0,27.0,4.0,3.0,2520.0,3.0,3.0,4.0,3.0,1.0,2.0,2.0,23.0,3.0,2.0,2.0,2.0,2.0,1.0,2.0,0.0
846,2.0,30.0,3.0,3.0,1919.0,2.0,2.0,4.0,3.0,1.0,3.0,4.0,30.0,2.0,2.0,2.0,4.0,2.0,1.0,2.0,0.0
847,2.0,60.0,1.0,10.0,14782.0,2.0,5.0,3.0,2.0,1.0,4.0,4.0,60.0,1.0,3.0,2.0,4.0,2.0,2.0,2.0,0.0
848,2.0,36.0,2.0,3.0,2671.0,2.0,3.0,4.0,2.0,2.0,4.0,4.0,50.0,3.0,3.0,1.0,3.0,2.0,1.0,2.0,0.0
849,2.0,36.0,2.0,6.0,12612.0,2.0,3.0,1.0,3.0,1.0,4.0,4.0,47.0,3.0,3.0,1.0,3.0,1.0,2.0,2.0,0.0
850,2.0,45.0,2.0,3.0,3031.0,2.0,3.0,4.0,3.0,3.0,4.0,2.0,21.0,3.0,1.0,1.0,3.0,2.0,1.0,2.0,0.0
851,1.0,12.0,1.0,3.0,626.0,1.0,3.0,4.0,2.0,1.0,4.0,1.0,24.0,1.0,2.0,1.0,2.0,2.0,1.0,2.0,0.0
852,2.0,24.0,4.0,9.0,1935.0,1.0,5.0,4.0,1.0,1.0,4.0,1.0,31.0,3.0,2.0,2.0,3.0,2.0,2.0,2.0,0.0
853,3.0,24.0,4.0,0.0,1344.0,5.0,4.0,4.0,3.0,1.0,2.0,1.0,37.0,1.0,2.0,2.0,2.0,1.0,1.0,2.0,0.0
854,4.0,18.0,2.0,2.0,1533.0,1.0,2.0,4.0,4.0,2.0,1.0,2.0,43.0,3.0,2.0,1.0,2.0,1.0,1.0,2.0,0.0
855,1.0,48.0,2.0,0.0,3931.0,1.0,4.0,4.0,3.0,1.0,4.0,4.0,46.0,3.0,3.0,1.0,3.0,1.0,1.0,2.0,0.0
856,1.0,24.0,1.0,2.0,3349.0,3.0,2.0,4.0,3.0,1.0,4.0,4.0,30.0,3.0,3.0,1.0,3.0,1.0,2.0,2.0,0.0
857,1.0,36.0,2.0,3.0,2302.0,1.0,3.0,4.0,1.0,1.0,4.0,3.0,31.0,3.0,1.0,1.0,3.0,2.0,1.0,2.0,0.0
858,1.0,42.0,2.0,3.0,3965.0,1.0,2.0,4.0,3.0,1.0,3.0,3.0,34.0,3.0,2.0,1.0,3.0,2.0,1.0,2.0,0.0
859,1.0,12.0,2.0,3.0,727.0,2.0,2.0,4.0,4.0,1.0,3.0,4.0,33.0,3.0,2.0,1.0,2.0,2.0,2.0,2.0,0.0
860,4.0,48.0,2.0,9.0,3914.0,5.0,3.0,4.0,1.0,1.0,2.0,1.0,38.0,1.0,2.0,1.0,3.0,2.0,1.0,2.0,0.0
861,1.0,48.0,2.0,9.0,4308.0,1.0,2.0,3.0,2.0,1.0,4.0,2.0,24.0,3.0,1.0,1.0,3.0,2.0,1.0,2.0,0.0
862,2.0,12.0,2.0,3.0,1534.0,1.0,2.0,1.0,4.0,1.0,1.0,1.0,23.0,3.0,1.0,1.0,3.0,2.0,1.0,2.0,0.0
863,4.0,18.0,4.0,0.0,2775.0,1.0,4.0,2.0,3.0,1.0,2.0,2.0,31.0,1.0,2.0,2.0,3.0,2.0,1.0,2.0,0.0
864,1.0,40.0,4.0,6.0,5998.0,1.0,3.0,4.0,3.0,1.0,3.0,4.0,27.0,1.0,2.0,1.0,3.0,2.0,2.0,2.0,0.0
865,3.0,15.0,4.0,3.0,1271.0,5.0,3.0,3.0,3.0,1.0,4.0,4.0,39.0,3.0,3.0,2.0,3.0,2.0,2.0,2.0,0.0
866,2.0,12.0,2.0,0.0,1295.0,1.0,2.0,3.0,2.0,1.0,1.0,3.0,25.0,3.0,1.0,1.0,3.0,2.0,1.0,2.0,0.0
867,2.0,36.0,2.0,1.0,9398.0,1.0,2.0,1.0,4.0,1.0,4.0,3.0,28.0,3.0,1.0,1.0,4.0,2.0,2.0,2.0,0.0
868,2.0,12.0,2.0,2.0,951.0,2.0,2.0,4.0,2.0,1.0,4.0,3.0,27.0,1.0,1.0,4.0,3.0,2.0,1.0,2.0,0.0
869,2.0,24.0,2.0,0.0,1355.0,1.0,2.0,3.0,2.0,1.0,4.0,3.0,25.0,3.0,2.0,1.0,2.0,2.0,2.0,2.0,0.0
870,1.0,48.0,2.0,4.0,3051.0,1.0,3.0,3.0,3.0,1.0,4.0,3.0,54.0,3.0,2.0,1.0,3.0,2.0,1.0,2.0,0.0
871,4.0,36.0,4.0,0.0,7855.0,1.0,3.0,4.0,2.0,1.0,2.0,1.0,25.0,2.0,2.0,2.0,3.0,2.0,2.0,2.0,0.0
872,4.0,18.0,2.0,3.0,433.0,1.0,1.0,3.0,2.0,2.0,4.0,1.0,22.0,3.0,1.0,1.0,3.0,2.0,1.0,2.0,0.0
873,4.0,36.0,3.0,9.0,9572.0,1.0,2.0,1.0,1.0,1.0,1.0,3.0,28.0,3.0,2.0,2.0,3.0,2.0,1.0,2.0,0.0
874,2.0,24.0,1.0,6.0,1837.0,1.0,4.0,4.0,2.0,1.0,4.0,4.0,34.0,1.0,3.0,1.0,2.0,2.0,1.0,2.0,0.0
875,2.0,30.0,4.0,0.0,4249.0,1.0,1.0,4.0,4.0,1.0,2.0,3.0,28.0,3.0,2.0,2.0,4.0,2.0,1.0,2.0,0.0
876,2.0,30.0,4.0,0.0,5234.0,1.0,1.0,4.0,4.0,1.0,2.0,3.0,28.0,3.0,2.0,2.0,4.0,2.0,1.0,2.0,0.0
877,1.0,48.0,2.0,3.0,6758.0,1.0,3.0,3.0,2.0,1.0,2.0,3.0,31.0,3.0,2.0,1.0,3.0,2.0,2.0,2.0,0.0
878,1.0,9.0,2.0,3.0,1366.0,1.0,2.0,3.0,2.0,1.0,4.0,2.0,22.0,3.0,1.0,1.0,3.0,2.0,1.0,2.0,0.0
879,1.0,24.0,1.0,10.0,1358.0,5.0,5.0,4.0,3.0,1.0,3.0,3.0,40.0,2.0,2.0,1.0,4.0,2.0,2.0,2.0,0.0
880,1.0,18.0,2.0,2.0,2473.0,1.0,1.0,4.0,3.0,1.0,1.0,3.0,25.0,3.0,2.0,1.0,1.0,2.0,1.0,2.0,0.0
881,3.0,9.0,0.0,3.0,1337.0,1.0,2.0,4.0,3.0,1.0,2.0,3.0,34.0,3.0,2.0,2.0,4.0,2.0,2.0,2.0,0.0
882,1.0,48.0,2.0,0.0,7763.0,1.0,5.0,4.0,3.0,1.0,4.0,4.0,42.0,1.0,3.0,1.0,4.0,2.0,1.0,2.0,0.0
883,2.0,15.0,1.0,0.0,1264.0,2.0,3.0,2.0,4.0,1.0,2.0,2.0,25.0,3.0,1.0,1.0,3.0,2.0,1.0,2.0,0.0
884,2.0,15.0,2.0,0.0,2631.0,2.0,3.0,2.0,2.0,1.0,4.0,3.0,28.0,3.0,1.0,2.0,3.0,2.0,2.0,2.0,0.0
885,2.0,48.0,2.0,0.0,6560.0,2.0,4.0,3.0,3.0,1.0,2.0,2.0,24.0,3.0,2.0,1.0,3.0,2.0,1.0,2.0,0.0
886,1.0,24.0,2.0,0.0,3123.0,1.0,2.0,4.0,2.0,1.0,1.0,2.0,27.0,3.0,2.0,1.0,3.0,2.0,1.0,2.0,0.0
887,1.0,36.0,4.0,6.0,8065.0,1.0,3.0,3.0,2.0,1.0,2.0,4.0,25.0,3.0,2.0,2.0,4.0,2.0,2.0,2.0,0.0
888,1.0,24.0,2.0,3.0,2439.0,1.0,2.0,4.0,2.0,1.0,4.0,1.0,35.0,3.0,2.0,1.0,3.0,2.0,2.0,2.0,0.0
889,2.0,36.0,2.0,2.0,9034.0,2.0,2.0,4.0,3.0,2.0,1.0,4.0,29.0,3.0,1.0,1.0,4.0,2.0,2.0,2.0,0.0
890,2.0,60.0,2.0,0.0,14027.0,1.0,4.0,4.0,3.0,1.0,2.0,4.0,27.0,3.0,2.0,1.0,4.0,2.0,2.0,2.0,0.0
891,1.0,36.0,4.0,1.0,9629.0,1.0,4.0,4.0,3.0,1.0,4.0,3.0,24.0,3.0,2.0,2.0,3.0,2.0,2.0,2.0,0.0
892,2.0,12.0,2.0,3.0,1484.0,5.0,3.0,2.0,4.0,1.0,1.0,1.0,25.0,3.0,2.0,1.0,3.0,2.0,2.0,2.0,0.0
893,1.0,18.0,2.0,2.0,1131.0,1.0,1.0,4.0,2.0,1.0,2.0,3.0,33.0,3.0,2.0,1.0,3.0,2.0,1.0,2.0,0.0
894,2.0,24.0,3.0,2.0,2064.0,1.0,1.0,3.0,2.0,1.0,2.0,2.0,34.0,3.0,2.0,1.0,4.0,2.0,2.0,2.0,0.0
895,2.0,18.0,2.0,1.0,12976.0,1.0,1.0,3.0,2.0,1.0,4.0,4.0,38.0,3.0,3.0,1.0,4.0,2.0,2.0,2.0,0.0
896,4.0,21.0,3.0,9.0,2580.0,3.0,2.0,4.0,3.0,1.0,2.0,1.0,41.0,1.0,2.0,1.0,2.0,1.0,1.0,2.0,0.0
897,4.0,27.0,2.0,0.0,2570.0,1.0,3.0,3.0,2.0,1.0,3.0,1.0,21.0,3.0,1.0,1.0,3.0,2.0,1.0,2.0,0.0
898,2.0,27.0,2.0,9.0,3915.0,1.0,3.0,4.0,3.0,1.0,2.0,3.0,36.0,3.0,2.0,1.0,3.0,1.0,2.0,2.0,0.0
899,4.0,10.0,2.0,0.0,1309.0,5.0,3.0,4.0,3.0,3.0,4.0,2.0,27.0,3.0,2.0,1.0,2.0,2.0,1.0,2.0,0.0
900,1.0,24.0,2.0,0.0,4817.0,1.0,4.0,2.0,3.0,2.0,3.0,2.0,31.0,3.0,2.0,1.0,3.0,2.0,2.0,2.0,0.0
901,1.0,12.0,2.0,0.0,2579.0,1.0,2.0,4.0,3.0,1.0,1.0,1.0,33.0,3.0,2.0,1.0,2.0,1.0,1.0,2.0,0.0
902,2.0,36.0,3.0,0.0,2225.0,1.0,5.0,4.0,3.0,1.0,4.0,4.0,57.0,1.0,3.0,2.0,3.0,2.0,2.0,2.0,0.0
903,1.0,18.0,2.0,2.0,4153.0,1.0,3.0,2.0,3.0,2.0,3.0,3.0,42.0,3.0,2.0,1.0,3.0,2.0,1.0,2.0,0.0
904,1.0,18.0,0.0,2.0,3114.0,1.0,2.0,1.0,2.0,1.0,4.0,2.0,26.0,3.0,1.0,1.0,3.0,2.0,1.0,2.0,0.0
905,1.0,18.0,4.0,2.0,2124.0,1.0,3.0,4.0,2.0,1.0,4.0,1.0,24.0,3.0,1.0,2.0,3.0,2.0,1.0,2.0,0.0
906,1.0,18.0,1.0,2.0,1553.0,1.0,3.0,4.0,3.0,1.0,3.0,3.0,44.0,1.0,2.0,1.0,3.0,2.0,1.0,2.0,0.0
907,1.0,30.0,2.0,2.0,2406.0,1.0,4.0,4.0,2.0,1.0,4.0,1.0,23.0,3.0,1.0,1.0,3.0,2.0,1.0,2.0,0.0
908,1.0,24.0,3.0,0.0,1333.0,1.0,1.0,4.0,3.0,1.0,2.0,1.0,43.0,3.0,3.0,2.0,3.0,1.0,1.0,2.0,0.0
909,1.0,48.0,0.0,2.0,7119.0,1.0,3.0,3.0,3.0,1.0,4.0,4.0,53.0,3.0,3.0,2.0,3.0,1.0,1.0,2.0,0.0
910,1.0,24.0,3.0,0.0,4870.0,1.0,3.0,3.0,3.0,1.0,4.0,4.0,53.0,3.0,3.0,2.0,3.0,1.0,1.0,2.0,0.0
911,1.0,12.0,4.0,0.0,691.0,1.0,5.0,4.0,3.0,1.0,3.0,2.0,35.0,3.0,2.0,2.0,3.0,2.0,1.0,2.0,0.0
912,1.0,42.0,3.0,3.0,4370.0,1.0,4.0,3.0,3.0,1.0,2.0,2.0,26.0,1.0,2.0,2.0,3.0,1.0,2.0,2.0,0.0
913,1.0,36.0,1.0,2.0,2746.0,1.0,5.0,4.0,3.0,1.0,4.0,3.0,31.0,1.0,2.0,1.0,3.0,2.0,1.0,2.0,0.0
914,1.0,24.0,0.0,2.0,4110.0,1.0,5.0,3.0,3.0,1.0,4.0,4.0,23.0,1.0,1.0,2.0,3.0,1.0,1.0,2.0,0.0
915,1.0,18.0,2.0,2.0,2462.0,1.0,3.0,2.0,3.0,1.0,2.0,3.0,22.0,3.0,2.0,1.0,3.0,2.0,1.0,2.0,0.0
916,1.0,12.0,2.0,2.0,1282.0,1.0,3.0,2.0,2.0,1.0,4.0,3.0,20.0,3.0,1.0,1.0,3.0,2.0,1.0,2.0,0.0
917,2.0,12.0,0.0,2.0,2969.0,1.0,2.0,4.0,2.0,1.0,3.0,2.0,25.0,3.0,1.0,2.0,3.0,2.0,1.0,2.0,0.0
918,1.0,48.0,0.0,1.0,4605.0,1.0,5.0,3.0,3.0,1.0,4.0,4.0,24.0,3.0,3.0,2.0,3.0,1.0,1.0,2.0,0.0
919,1.0,48.0,4.0,1.0,6331.0,1.0,5.0,4.0,3.0,1.0,4.0,4.0,46.0,3.0,3.0,2.0,3.0,2.0,2.0,2.0,0.0
920,1.0,24.0,1.0,2.0,3552.0,1.0,4.0,3.0,3.0,1.0,4.0,3.0,27.0,1.0,2.0,1.0,3.0,2.0,1.0,2.0,0.0
921,1.0,12.0,1.0,0.0,697.0,1.0,2.0,4.0,3.0,1.0,2.0,3.0,46.0,1.0,2.0,2.0,3.0,2.0,2.0,2.0,0.0
922,1.0,24.0,2.0,0.0,1442.0,1.0,4.0,4.0,2.0,1.0,4.0,3.0,23.0,3.0,1.0,2.0,3.0,2.0,1.0,2.0,0.0
923,1.0,27.0,0.0,9.0,5293.0,1.0,1.0,2.0,3.0,1.0,4.0,2.0,50.0,3.0,2.0,2.0,3.0,2.0,2.0,2.0,0.0
924,1.0,21.0,3.0,6.0,3414.0,1.0,2.0,2.0,3.0,1.0,1.0,2.0,26.0,2.0,2.0,2.0,3.0,2.0,1.0,2.0,0.0
925,1.0,18.0,2.0,2.0,2039.0,1.0,3.0,1.0,2.0,1.0,4.0,1.0,20.0,3.0,1.0,1.0,3.0,2.0,1.0,2.0,0.0
926,1.0,24.0,1.0,9.0,3161.0,1.0,3.0,4.0,3.0,1.0,2.0,2.0,31.0,1.0,1.0,1.0,3.0,2.0,2.0,2.0,0.0
927,1.0,12.0,2.0,8.0,902.0,1.0,4.0,4.0,4.0,1.0,4.0,2.0,21.0,3.0,1.0,1.0,3.0,2.0,1.0,2.0,0.0
928,1.0,48.0,2.0,1.0,10297.0,1.0,4.0,4.0,3.0,1.0,4.0,4.0,39.0,3.0,3.0,3.0,3.0,1.0,2.0,2.0,0.0
929,2.0,48.0,0.0,9.0,14421.0,1.0,3.0,2.0,3.0,1.0,2.0,3.0,25.0,2.0,2.0,1.0,3.0,2.0,2.0,2.0,0.0
930,2.0,18.0,4.0,0.0,1056.0,1.0,5.0,3.0,3.0,3.0,3.0,1.0,30.0,3.0,2.0,2.0,3.0,2.0,1.0,2.0,0.0
931,1.0,12.0,2.0,0.0,1274.0,1.0,2.0,3.0,2.0,1.0,1.0,1.0,37.0,1.0,2.0,1.0,2.0,2.0,1.0,2.0,0.0
932,2.0,12.0,2.0,0.0,1223.0,1.0,5.0,1.0,1.0,1.0,1.0,1.0,46.0,3.0,1.0,2.0,3.0,2.0,1.0,2.0,0.0
933,1.0,12.0,2.0,0.0,1372.0,1.0,4.0,2.0,1.0,1.0,3.0,3.0,36.0,3.0,2.0,1.0,3.0,2.0,1.0,2.0,0.0
934,1.0,16.0,4.0,0.0,2625.0,1.0,5.0,2.0,3.0,3.0,4.0,2.0,43.0,3.0,1.0,1.0,3.0,2.0,2.0,1.0,0.0
935,1.0,20.0,4.0,0.0,2235.0,1.0,3.0,4.0,4.0,3.0,2.0,2.0,33.0,1.0,1.0,2.0,3.0,2.0,1.0,1.0,0.0
936,2.0,9.0,2.0,2.0,959.0,1.0,3.0,1.0,2.0,1.0,2.0,3.0,29.0,1.0,2.0,1.0,3.0,2.0,1.0,2.0,0.0
937,2.0,18.0,4.0,0.0,884.0,1.0,5.0,4.0,3.0,1.0,4.0,3.0,36.0,3.0,2.0,1.0,3.0,1.0,2.0,2.0,0.0
938,2.0,24.0,2.0,0.0,1246.0,1.0,2.0,4.0,3.0,1.0,2.0,1.0,23.0,1.0,2.0,1.0,2.0,2.0,1.0,2.0,0.0
939,2.0,36.0,3.0,0.0,8086.0,2.0,5.0,2.0,3.0,1.0,4.0,3.0,42.0,2.0,2.0,4.0,4.0,2.0,2.0,2.0,0.0
940,4.0,48.0,4.0,0.0,10127.0,3.0,3.0,2.0,3.0,1.0,2.0,4.0,44.0,3.0,3.0,1.0,3.0,2.0,1.0,2.0,0.0
941,2.0,12.0,2.0,0.0,888.0,1.0,5.0,4.0,3.0,1.0,4.0,3.0,41.0,1.0,2.0,1.0,2.0,1.0,1.0,2.0,0.0
942,4.0,12.0,2.0,6.0,719.0,1.0,5.0,4.0,3.0,1.0,4.0,3.0,41.0,1.0,2.0,1.0,2.0,1.0,1.0,2.0,0.0
943,2.0,36.0,2.0,0.0,12389.0,5.0,3.0,1.0,3.0,1.0,4.0,4.0,37.0,1.0,3.0,1.0,3.0,2.0,2.0,2.0,0.0
944,1.0,12.0,2.0,3.0,709.0,1.0,5.0,4.0,3.0,1.0,4.0,1.0,57.0,3.0,2.0,1.0,2.0,2.0,1.0,2.0,0.0
945,2.0,15.0,1.0,0.0,6850.0,2.0,1.0,1.0,3.0,1.0,2.0,2.0,34.0,2.0,2.0,1.0,4.0,1.0,2.0,2.0,0.0
946,4.0,10.0,2.0,2.0,2210.0,1.0,3.0,2.0,3.0,1.0,2.0,1.0,25.0,3.0,1.0,1.0,2.0,2.0,1.0,2.0,0.0
947,4.0,30.0,1.0,1.0,7485.0,5.0,1.0,4.0,2.0,1.0,1.0,1.0,53.0,1.0,2.0,1.0,4.0,2.0,2.0,2.0,0.0
948,1.0,18.0,1.0,0.0,1442.0,1.0,4.0,4.0,3.0,1.0,4.0,4.0,32.0,1.0,3.0,2.0,2.0,1.0,1.0,2.0,0.0
949,4.0,12.0,4.0,3.0,797.0,5.0,5.0,4.0,2.0,1.0,3.0,2.0,33.0,3.0,2.0,1.0,2.0,1.0,1.0,2.0,0.0
950,2.0,45.0,4.0,3.0,4746.0,1.0,2.0,4.0,3.0,1.0,2.0,2.0,24.0,1.0,2.0,2.0,2.0,2.0,1.0,2.0,0.0
951,3.0,12.0,4.0,0.0,939.0,3.0,4.0,4.0,4.0,1.0,2.0,1.0,28.0,3.0,2.0,3.0,3.0,2.0,2.0,2.0,0.0
952,2.0,21.0,2.0,9.0,1188.0,1.0,5.0,2.0,2.0,1.0,4.0,2.0,39.0,3.0,2.0,1.0,3.0,1.0,1.0,2.0,0.0
953,4.0,48.0,4.0,1.0,11590.0,2.0,3.0,2.0,2.0,1.0,4.0,3.0,24.0,3.0,1.0,2.0,2.0,2.0,1.0,2.0,0.0
954,3.0,12.0,1.0,9.0,609.0,1.0,2.0,4.0,2.0,1.0,1.0,1.0,26.0,1.0,2.0,1.0,1.0,2.0,1.0,2.0,0.0
955,1.0,18.0,4.0,5.0,1190.0,1.0,1.0,2.0,2.0,1.0,4.0,4.0,55.0,3.0,3.0,3.0,1.0,1.0,1.0,2.0,0.0
956,2.0,21.0,2.0,9.0,2767.0,2.0,5.0,4.0,1.0,1.0,2.0,3.0,61.0,3.0,1.0,2.0,2.0,2.0,1.0,2.0,0.0
957,2.0,30.0,2.0,2.0,3441.0,2.0,3.0,2.0,2.0,2.0,4.0,3.0,21.0,1.0,1.0,1.0,3.0,2.0,1.0,2.0,0.0
958,2.0,30.0,0.0,9.0,4280.0,2.0,3.0,4.0,2.0,1.0,4.0,3.0,26.0,3.0,1.0,2.0,2.0,2.0,1.0,2.0,0.0
959,2.0,24.0,2.0,3.0,3092.0,2.0,2.0,3.0,4.0,1.0,2.0,3.0,22.0,3.0,1.0,1.0,3.0,2.0,2.0,2.0,0.0
960,4.0,18.0,2.0,0.0,6761.0,5.0,3.0,2.0,3.0,1.0,4.0,3.0,68.0,2.0,1.0,2.0,3.0,2.0,1.0,2.0,0.0
961,2.0,12.0,2.0,3.0,1331.0,1.0,2.0,2.0,3.0,1.0,1.0,3.0,22.0,3.0,2.0,1.0,3.0,2.0,1.0,2.0,0.0
962,2.0,54.0,0.0,9.0,15945.0,1.0,2.0,3.0,3.0,1.0,4.0,4.0,58.0,3.0,1.0,1.0,3.0,2.0,2.0,2.0,0.0
963,1.0,24.0,2.0,2.0,3234.0,1.0,2.0,4.0,2.0,1.0,4.0,1.0,23.0,3.0,1.0,1.0,2.0,2.0,2.0,2.0,0.0
964,2.0,15.0,2.0,3.0,802.0,1.0,5.0,4.0,3.0,1.0,3.0,3.0,37.0,3.0,2.0,1.0,3.0,1.0,1.0,2.0,0.0
965,2.0,48.0,2.0,2.0,9960.0,1.0,2.0,1.0,2.0,1.0,2.0,3.0,26.0,1.0,2.0,1.0,3.0,2.0,2.0,2.0,0.0
966,4.0,24.0,3.0,9.0,8648.0,1.0,2.0,2.0,3.0,1.0,2.0,3.0,27.0,1.0,2.0,2.0,3.0,2.0,2.0,2.0,0.0
967,1.0,18.0,2.0,3.0,1345.0,1.0,3.0,4.0,4.0,1.0,3.0,1.0,26.0,3.0,2.0,1.0,3.0,2.0,1.0,2.0,0.0
968,1.0,45.0,2.0,3.0,1845.0,1.0,3.0,4.0,3.0,1.0,4.0,4.0,23.0,3.0,3.0,1.0,3.0,2.0,2.0,2.0,0.0
969,1.0,21.0,1.0,0.0,1647.0,5.0,3.0,4.0,3.0,1.0,2.0,2.0,40.0,1.0,2.0,2.0,2.0,1.0,1.0,2.0,0.0
970,4.0,48.0,2.0,9.0,4844.0,1.0,1.0,3.0,3.0,1.0,2.0,3.0,33.0,3.0,1.0,1.0,4.0,2.0,2.0,2.0,0.0
971,2.0,27.0,0.0,9.0,8318.0,1.0,5.0,2.0,2.0,1.0,4.0,4.0,42.0,2.0,3.0,2.0,4.0,2.0,2.0,2.0,0.0
972,3.0,18.0,2.0,3.0,2100.0,1.0,3.0,4.0,3.0,2.0,2.0,1.0,37.0,3.0,2.0,1.0,3.0,2.0,1.0,2.0,0.0
973,1.0,45.0,0.0,9.0,11816.0,1.0,5.0,2.0,3.0,1.0,4.0,3.0,29.0,3.0,1.0,2.0,3.0,2.0,1.0,2.0,0.0
974,1.0,6.0,2.0,6.0,448.0,1.0,2.0,4.0,2.0,1.0,4.0,2.0,23.0,3.0,2.0,1.0,3.0,2.0,1.0,2.0,0.0
975,1.0,30.0,2.0,5.0,11998.0,1.0,2.0,1.0,1.0,1.0,1.0,4.0,34.0,1.0,2.0,1.0,2.0,2.0,2.0,2.0,0.0
976,2.0,48.0,0.0,10.0,18424.0,1.0,3.0,1.0,2.0,1.0,2.0,2.0,32.0,1.0,2.0,1.0,4.0,2.0,2.0,1.0,0.0
977,1.0,6.0,2.0,0.0,14896.0,1.0,5.0,1.0,3.0,1.0,4.0,4.0,68.0,1.0,2.0,1.0,4.0,2.0,2.0,2.0,0.0
978,2.0,12.0,2.0,2.0,2762.0,5.0,5.0,1.0,2.0,1.0,2.0,2.0,25.0,3.0,2.0,1.0,3.0,2.0,2.0,2.0,0.0
979,1.0,12.0,2.0,1.0,3386.0,1.0,5.0,3.0,3.0,1.0,4.0,4.0,35.0,3.0,3.0,1.0,3.0,2.0,2.0,2.0,0.0
980,2.0,24.0,2.0,3.0,2039.0,1.0,2.0,1.0,4.0,1.0,1.0,2.0,22.0,3.0,2.0,1.0,3.0,2.0,2.0,2.0,0.0
981,4.0,18.0,3.0,9.0,2169.0,1.0,3.0,4.0,4.0,1.0,2.0,3.0,28.0,3.0,2.0,1.0,3.0,2.0,2.0,2.0,0.0
982,2.0,48.0,4.0,2.0,5096.0,1.0,3.0,2.0,2.0,1.0,3.0,3.0,30.0,3.0,2.0,1.0,4.0,2.0,2.0,2.0,0.0
983,1.0,18.0,2.0,3.0,1882.0,1.0,3.0,4.0,2.0,1.0,4.0,3.0,25.0,1.0,1.0,2.0,3.0,2.0,1.0,2.0,0.0
984,1.0,48.0,2.0,3.0,6999.0,1.0,4.0,1.0,4.0,3.0,1.0,1.0,34.0,3.0,2.0,2.0,3.0,2.0,2.0,2.0,0.0
985,4.0,12.0,4.0,9.0,2292.0,1.0,1.0,4.0,3.0,1.0,2.0,3.0,42.0,2.0,2.0,2.0,4.0,2.0,2.0,2.0,0.0
986,1.0,14.0,2.0,0.0,8978.0,1.0,5.0,1.0,1.0,1.0,4.0,2.0,45.0,3.0,2.0,1.0,4.0,2.0,2.0,1.0,0.0
987,1.0,12.0,2.0,3.0,674.0,2.0,4.0,4.0,4.0,1.0,1.0,2.0,20.0,3.0,2.0,1.0,3.0,2.0,1.0,2.0,0.0
988,1.0,18.0,2.0,0.0,976.0,1.0,2.0,1.0,2.0,1.0,2.0,3.0,23.0,3.0,2.0,1.0,2.0,2.0,1.0,2.0,0.0
989,2.0,24.0,2.0,0.0,2718.0,1.0,3.0,3.0,2.0,1.0,4.0,2.0,20.0,3.0,1.0,1.0,2.0,2.0,2.0,2.0,0.0
990,1.0,18.0,2.0,6.0,750.0,1.0,1.0,4.0,2.0,1.0,1.0,1.0,27.0,3.0,2.0,1.0,1.0,2.0,1.0,2.0,0.0
991,2.0,24.0,2.0,1.0,12579.0,1.0,5.0,4.0,2.0,1.0,2.0,4.0,44.0,3.0,3.0,1.0,4.0,2.0,2.0,2.0,0.0
992,1.0,18.0,2.0,1.0,7511.0,5.0,5.0,1.0,3.0,1.0,4.0,2.0,51.0,3.0,3.0,1.0,3.0,1.0,2.0,2.0,0.0
993,1.0,18.0,4.0,0.0,3966.0,1.0,5.0,1.0,2.0,1.0,4.0,1.0,33.0,1.0,1.0,3.0,3.0,2.0,2.0,2.0,0.0
994,1.0,12.0,0.0,3.0,6199.0,1.0,3.0,4.0,3.0,1.0,2.0,2.0,28.0,3.0,1.0,2.0,3.0,2.0,2.0,2.0,0.0
995,1.0,24.0,2.0,3.0,1987.0,1.0,3.0,2.0,3.0,1.0,4.0,1.0,21.0,3.0,1.0,1.0,2.0,1.0,1.0,2.0,0.0
996,1.0,24.0,2.0,0.0,2303.0,1.0,5.0,4.0,3.0,2.0,1.0,1.0,45.0,3.0,2.0,1.0,3.0,2.0,1.0,2.0,0.0
997,4.0,21.0,4.0,0.0,12680.0,5.0,5.0,4.0,3.0,1.0,4.0,4.0,30.0,3.0,3.0,1.0,4.0,2.0,2.0,2.0,0.0
998,2.0,12.0,2.0,3.0,6468.0,5.0,1.0,2.0,3.0,1.0,1.0,4.0,52.0,3.0,2.0,1.0,4.0,2.0,2.0,2.0,0.0
999,1.0,30.0,2.0,2.0,6350.0,5.0,5.0,4.0,3.0,1.0,4.0,2.0,31.0,3.0,2.0,1.0,3.0,2.0,1.0,2.0,0.0
